id,titulo,empresa,senioridade,modalidade,contrato,pais,tecnologias,estado,data_criacao,url
1944,[Híbrido] Desenvolvedor(a) Java/Jakarta EE Sênior na Sylision,Sylision,Sênior,Remoto,CLT,Portugal,Backend;Rest;Spring;Maven;Docker;SOAP;SQL;JPA;EJB;Wildfly;Java,open,2026-08-24,https://github.com/soujava/vagas-java/issues/1944
1943,"[Remoto] Desenvolvedor(a) Java/Spring Boot Sênior, 100% Remoto na Sylision",Sylision,Sênior,Remoto,CLT,Portugal,Backend;Rest;Spring;Hibernate;Docker;SQL;JPA;JUNIT;Java,open,2026-08-23,https://github.com/soujava/vagas-java/issues/1943
1942,"[Remoto] Desenvolvedor(a) Java Sênior, 100% Remoto na Sylision",Sylision,Sênior,Remoto,CLT,Portugal,Backend;Rest;Spring;Hibernate;Docker;Git;RabbitMQ;SQL;JPA;Java;Azure,open,2026-08-22,https://github.com/soujava/vagas-java/issues/1942
1941,"[Remoto] Desenvolvedor(a) Java/Quarkus Sênior, 100% Remoto na Sylision",Sylision,Sênior,Remoto,CLT,Portugal,Backend;Rest;Hibernate;Docker;Java,open,2026-08-21,https://github.com/soujava/vagas-java/issues/1941
1940,"[Remoto] Desenvolvedor(a) Java/Kafka Sênior, 100% Remoto na Sylision",Sylision,Sênior,Remoto,CLT,Portugal,Backend;Spring;SQL;Java,open,2026-08-20,https://github.com/soujava/vagas-java/issues/1940
1939,"[Remoto] Desenvolvedor(a) Java/Jakarta EE Sênior, 100% Remoto na Sylision",Sylision,Sênior,Remoto,CLT,Portugal,Backend;Rest;Spring;Maven;Docker;SOAP;SQL;JPA;EJB;Wildfly;Java,open,2026-08-17,https://github.com/soujava/vagas-java/issues/1939
1938,[Remoto] Java Backend Sênior + Python (Foco em IA) - Evertec 🧡,Não informado,Sênior,Remoto,PJ,Brasil,DevOps;Backend;Spring;Docker;PostgreSQL;Redis;RabbitMQ;NoSQL;Jenkins;MongoDB;Testes Unitários;Java;Azure;Python,open,2026-08-11,https://github.com/soujava/vagas-java/issues/1938
1932,[Híbrido] Desenvolvedor(a) Java/Spring Boot Pleno na Sylision,Sylision,Pleno,Remoto,CLT,Portugal,Backend;Spring;Java,open,2026-07-31,https://github.com/soujava/vagas-java/issues/1932
1931,[Híbrido] Desenvolvedor(a) Java/Quarkus Pleno na Sylision,Sylision,Pleno,Remoto,CLT,Portugal,Backend;Java,open,2026-07-31,https://github.com/soujava/vagas-java/issues/1931
1929,[Híbrido] Java Staff Engineer [Mercado Bitcoin],Mercado Bitcoin,Não informado,Presencial,PJ,Portugal,PostgreSQL;RabbitMQ;Java,open,2026-07-25,https://github.com/soujava/vagas-java/issues/1929
1928,[Híbrido] Desenvolvedor(a) Java Pleno na Sylision,Sylision,Pleno,Remoto,CLT,Portugal,Backend;Java,open,2026-07-24,https://github.com/soujava/vagas-java/issues/1928
1927,[Híbrido] Desenvolvedor(a) Java/Kafka Pleno na Sylision,Sylision,Pleno,Remoto,CLT,Portugal,Backend;Java,open,2026-07-24,https://github.com/soujava/vagas-java/issues/1927
1926,[Híbrido] Desenvolvedor(a) Java/Jakarta EE Pleno na Sylision,Sylision,Pleno,Remoto,CLT,Portugal,Backend;Java,open,2026-07-23,https://github.com/soujava/vagas-java/issues/1926
1925,[Remoto] Desenvolvedor(a) Java/Spring Boot Pleno na Sylision,Sylision,Pleno,Remoto,CLT,Portugal,Backend;Spring;Java,open,2026-07-23,https://github.com/soujava/vagas-java/issues/1925
1924,[Remoto] Desenvolvedor(a) Java/Quarkus Pleno na Sylision,Sylision,Pleno,Remoto,CLT,Portugal,Backend;Java,open,2026-07-22,https://github.com/soujava/vagas-java/issues/1924
1923,[Remoto] Desenvolvedor(a) Java Pleno na Sylision,Sylision,Pleno,Remoto,CLT,Portugal,Backend;Java,open,2026-07-22,https://github.com/soujava/vagas-java/issues/1923
1919,[Remoto] Desenvolvedor(a) Java/Kafka Pleno na Sylision,Sylision,Pleno,Remoto,CLT,Portugal,Backend;Java,open,2026-07-21,https://github.com/soujava/vagas-java/issues/1919
1918,[Remoto] Desenvolvedor(a) Java/Jakarta EE Pleno na Sylision,Sylision,Pleno,Remoto,CLT,Portugal,Backend;Java,open,2026-07-21,https://github.com/soujava/vagas-java/issues/1918
1916,[Híbrido] Desenvolvedor(a) Java/Spring Boot Sênior na Sylision,Sylision,Sênior,Remoto,CLT,Portugal,Backend;Spring;Java,open,2026-07-19,https://github.com/soujava/vagas-java/issues/1916
1915,[Híbrido] Desenvolvedor(a) Java Sênior na Sylision,Sylision,Sênior,Remoto,CLT,Portugal,Backend;Java,open,2026-07-19,https://github.com/soujava/vagas-java/issues/1915
1914,[Remoto] Desenvolvedor(a) Java + .NET Sênior (10+ anos) na Sylision,Sylision,Sênior,Remoto,CLT,Portugal,Backend;Java,open,2026-07-17,https://github.com/soujava/vagas-java/issues/1914
1913,[Remoto] Especialista Java + .NET (13+ anos) na Sylision,Sylision,Não informado,Remoto,CLT,Portugal,Backend;Java,open,2026-07-17,https://github.com/soujava/vagas-java/issues/1913
1912,[Híbrido] Desenvolvedor(a) Java/Quarkus Sênior na Sylision,Sylision,Sênior,Remoto,CLT,Portugal,Backend;Java,open,2026-07-16,https://github.com/soujava/vagas-java/issues/1912
1911,[Híbrido] Desenvolvedor(a) Java/Kafka Sênior na Sylision,Sylision,Sênior,Remoto,CLT,Portugal,Backend;Java,open,2026-07-16,https://github.com/soujava/vagas-java/issues/1911
1909,[Híbrido] Desenvolvedor(a) Java/Jakarta EE Sênior na Sylision,Sylision,Sênior,Remoto,CLT,Portugal,Backend;Java,closed,2026-07-15,https://github.com/soujava/vagas-java/issues/1909
1908,[Remoto] Desenvolvedor(a) Java/Spring Boot Sênior na Sylision,Sylision,Sênior,Remoto,CLT,Portugal,Backend;Spring;Java,closed,2026-07-15,https://github.com/soujava/vagas-java/issues/1908
1906,[REMOTO] Senior Back end Developer [java] - DWS BRAZIL,DWS BRAZIL,Sênior,Remoto,CLT,Brasil,Spring;Hibernate;Eclipse;Web;Git;JPA;Ant;Java,closed,2026-07-14,https://github.com/soujava/vagas-java/issues/1906
1905,[REMOTA] Senior Back End Java Developer [DWS Brazil],DWS Brazil,Sênior,Remoto,CLT,Brasil,Spring;Hibernate;Eclipse;Web;Git;JPA;Ant;Java,closed,2026-07-14,https://github.com/soujava/vagas-java/issues/1905
1904,[Remoto] Desenvolvedor(a) Java Sênior na Sylision,Sylision,Sênior,Remoto,CLT,Portugal,Backend;Java,closed,2026-07-13,https://github.com/soujava/vagas-java/issues/1904
1903,[Remoto] Desenvolvedor(a) Java/Quarkus Sênior na Sylision,Sylision,Sênior,Remoto,CLT,Portugal,Backend;Java,closed,2026-07-13,https://github.com/soujava/vagas-java/issues/1903
1902,[Remoto] Desenvolvedor(a) Java/Kafka Sênior na Sylision,Sylision,Sênior,Remoto,CLT,Portugal,Backend;Java,closed,2026-07-12,https://github.com/soujava/vagas-java/issues/1902
1901,[Remoto] Desenvolvedor(a) Java/Jakarta EE Sênior na Sylision,Sylision,Sênior,Remoto,CLT,Portugal,Backend;Java,closed,2026-07-12,https://github.com/soujava/vagas-java/issues/1901
1900,[Remoto] Senior Backend Java  na Botcity,Botcity,Sênior,Remoto,PJ,Brasil,Backend;Spring;Docker;Git;SQL;API;Java;Python,open,2026-07-10,https://github.com/soujava/vagas-java/issues/1900
1888,REMOTO] Desenvolvedor(a) Fullstack Pleno (Java e Angular) na DB1,DB1,Pleno,Remoto,CLT,Brasil,DevOps;Fullstack;Rest;Spring;Angular;Hibernate;JavaScript;Docker;HTML5;CSS3;JPA;Testes Unitários;Java,closed,2026-05-22,https://github.com/soujava/vagas-java/issues/1888
1887,[REMOTO] Desenvolvedor(a) Java Sênior na DB1,DB1,Sênior,Remoto,CLT,Brasil,Fullstack;Backend;NoSQL;Testes Unitários;Java,closed,2026-05-22,https://github.com/soujava/vagas-java/issues/1887
1884,[REMOTO] Back-end developer Java - DWS Brazil,DWS Brazil,Sênior,Remoto,CLT,Brasil,Spring;Hibernate;Eclipse;Web;Git;JPA;Ant;Java,closed,2026-05-18,https://github.com/soujava/vagas-java/issues/1884
1879,[REMOTO] Senior Back end Developer [java] - DWS BRAZIL,DWS BRAZIL,Sênior,Remoto,CLT,Brasil,Spring;Hibernate;Eclipse;Web;Git;JPA;Ant;Java,closed,2026-04-28,https://github.com/soujava/vagas-java/issues/1879
1862,[Remoto] Desenvolvedor Sênior - Backend Java - Alfa Garantidora,Alfa Garantidora,Sênior,Remoto,PJ,Brasil,Backend;Hibernate;Docker;SQL;JPA;Java,closed,2026-02-25,https://github.com/soujava/vagas-java/issues/1862
1861,[Curitiba] Desenvolvedor Backend Java Sênior - FES Tecnologia,FES Tecnologia,Sênior,Não informado,PJ,Brasil,Backend;Hibernate;Docker;SQL;JPA;Java,closed,2026-02-19,https://github.com/soujava/vagas-java/issues/1861
1858,[REMOTO] Desenvolvedor(a) Java Pleno na DB1,DB1,Pleno,Remoto,CLT,Brasil,Rest;Spring;Angular;Docker;SOAP;PostgreSQL;Git;Redis;API;MongoDB;Java,closed,2026-02-03,https://github.com/soujava/vagas-java/issues/1858
1852,[Remote] Senior Backend Specialist (Java) na Botcity,Botcity,Sênior,Remoto,PJ,Brasil,Backend;Spring;Docker;Git;SQL;API;Java;Python,closed,2026-01-02,https://github.com/soujava/vagas-java/issues/1852
1849,[REMOTO] Desenvolvedor Full Stack Pleno Java na OPIKODE,OPIKODE,Pleno,Remoto,PJ,Brasil,Rest;Maven;Docker;SOAP;SCRUM;Web;Jenkins;Nexus;Java;Azure,closed,2025-12-07,https://github.com/soujava/vagas-java/issues/1849
1848,[remoto] Desenvolvedor (a) Java Júnior na DB1,DB1,Júnior,Remoto,CLT,Brasil,Spring;Hibernate;JPA;Testes Unitários;Java;Python,closed,2025-12-05,https://github.com/soujava/vagas-java/issues/1848
1847,[REMOTO] Tech Lead Java na DB1,DB1,Não informado,Remoto,CLT,Brasil,Rest;Spring;Angular;Docker;SOAP;PostgreSQL;Git;Redis;API;MongoDB;Java,closed,2025-12-05,https://github.com/soujava/vagas-java/issues/1847
1846,[REMOTO] Desenvolvedor (a) Java Sênior Cargo na DB1,DB1,Sênior,Remoto,CLT,Brasil,Fullstack;Backend;Spring;NoSQL;JPA;Testes Unitários;Java,closed,2025-12-05,https://github.com/soujava/vagas-java/issues/1846
1844,[Remoto] Full Stack Java + Angular com inglês avançado - Pleno/Sênior @ ITeam,ITeam,Sênior,Presencial,CLT,Brasil,Angular;JavaScript;React;Testes Unitários;Java;Python,closed,2025-11-24,https://github.com/soujava/vagas-java/issues/1844
1843,[São Paulo/SP] - Desenvolvedor(a) Java com inglês avançado - Pleno/Sênior @ ITeam,ITeam,Sênior,Presencial,CLT,Brasil,Java,closed,2025-11-24,https://github.com/soujava/vagas-java/issues/1843
1841,[REMOTO] Desenvolvedor Sênior na FES Tecnologia,FES Tecnologia,Sênior,Remoto,PJ,Brasil,Hibernate;Docker;SQL;JPA;Java,closed,2025-11-19,https://github.com/soujava/vagas-java/issues/1841
1840,"[São Paulo, SP ou Porto Alegre, RS] Senior Java Developer na TELUS Digital Brazil",TELUS Digital Brazil,Sênior,Não informado,CLT,Brasil,DevOps;Backend;Rest;Spring;JavaScript;Docker;HTML5;Web;Git;CSS3;SQL;Jenkins;Java;Microserviços,closed,2025-11-18,https://github.com/soujava/vagas-java/issues/1840
1838,[REMOTO] Desenvolvedor Java Júnior K2 Partening,Não informado,Júnior,Remoto,Não informado,Brasil,Spring;Docker;Git;NoSQL;SQL;Testes Unitários;Java,closed,2025-11-07,https://github.com/soujava/vagas-java/issues/1838
1836,[REMOTO] Senior Back End Java na DWS Brazil,DWS Brazil,Sênior,Remoto,CLT,Brasil,Spring;Hibernate;Eclipse;Web;Git;JPA;Ant;Java,closed,2025-10-16,https://github.com/soujava/vagas-java/issues/1836
1835,Desenvolvedor Back End Java PL (11+) + PLSQL | Híbrido - Santo Amaro/ SP - Solutis Tecnologias,Solutis Tecnologias,Pleno,Não informado,CLT,Brasil,Rest;Spring;Hibernate;Docker;Git;SQL;API;Jenkins;Java;Azure,closed,2025-10-15,https://github.com/soujava/vagas-java/issues/1835
1832,[ First Decision] Desenvolvedor Fullstack Java Sênior - outsourcing MGI 100% remoto,Não informado,Sênior,Remoto,CLT,Brasil,Fullstack;Spring;JavaScript;Docker;SCRUM;PostgreSQL;SQL;React;MongoDB;Java,closed,2025-09-12,https://github.com/soujava/vagas-java/issues/1832
1831,"[Hibrido- Remoto / São Paulo, Brasil] Software Development Engineer (Afirmativa para PCD) na Coodesh",Coodesh,Não informado,Remoto,CLT,Brasil,DevOps;Spring;Angular;PostgreSQL;Web;SQL;API;Jenkins;JUNIT;Java;Google Cloud,closed,2025-09-11,https://github.com/soujava/vagas-java/issues/1831
1828,[Remoto] Staff Java Software Engineer na Botcity,Botcity,Não informado,Remoto,PJ,Brasil,Backend;Spring;Docker;Git;SQL;API;Java;Python,closed,2025-08-27,https://github.com/soujava/vagas-java/issues/1828
1820,[FULLY REMOTE] Senior Java Engineer - Jobsity,Jobsity,Não informado,Não informado,Não informado,Brasil,DevOps;UI;Backend;JavaScript;React;Jenkins;Java,closed,2025-06-30,https://github.com/soujava/vagas-java/issues/1820
1819,Desenvolvedor Fullstack Cloud - Remoto,Remoto,Não informado,Remoto,CLT,Brasil,Fullstack;Rest;Spring;Docker;Git;Jenkins;Linux;Java,closed,2025-06-11,https://github.com/soujava/vagas-java/issues/1819
1817,[Remoto] Desenvolvedor Java [Bluesoft Sistemas],Bluesoft Sistemas,Sênior,Remoto,CLT,Brasil,Spring;Angular;Hibernate;JavaScript;Docker;PostgreSQL;jQuery;Git;SQL;Jenkins;JUNIT;Linux;MongoDB;Java,closed,2025-05-30,https://github.com/soujava/vagas-java/issues/1817
1816,"[ BH, MG] Desenvolvedor Java SR [EXTRACTTA]",EXTRACTTA,Sênior,Presencial,PJ,Brasil,Fullstack;Backend;Angular;Docker;Frontend;PostgreSQL;Git;RabbitMQ;React;JUNIT;Java;Azure,closed,2025-05-07,https://github.com/soujava/vagas-java/issues/1816
1815,[Remoto] Senior Java Backend Engineer na Botcity,Botcity,Não informado,Remoto,PJ,Brasil,Backend;Spring;Docker;Git;SQL;API;Java;Python,closed,2025-04-22,https://github.com/soujava/vagas-java/issues/1815
1814,[REMOTO] API Developer (Especialista),Não informado,Não informado,Remoto,CLT,Brasil,API;Java,closed,2025-04-15,https://github.com/soujava/vagas-java/issues/1814
1813,"[Florianópolis, SC] Cargo em Empresa de Tecnologia",Não informado,Sênior,Presencial,CLT,Brasil,Java,open,2025-03-26,https://github.com/soujava/vagas-java/issues/1813
1812,[Rio Grande do Sul] Consultor Técnico de Desenvolvimento de TI,Não informado,Pleno,Presencial,CLT,Brasil,Spring;JavaScript;PostgreSQL;Web;jQuery;SQL;API;JPA,closed,2025-03-24,https://github.com/soujava/vagas-java/issues/1812
1811,[RS] Desenvolvedor - Plataforma JAVA na DB Server,DB Server,Pleno,Remoto,CLT,Brasil,Angular;SCRUM;Git;Java;Azure,closed,2025-03-06,https://github.com/soujava/vagas-java/issues/1811
1809,[REMOTO] Java Production Support Analyst [QINTESS],QINTESS,Sênior,Remoto,CLT,Brasil,SQL;Linux;Java,closed,2025-02-04,https://github.com/soujava/vagas-java/issues/1809
1807,"São Paulo, Java Team Lead / 1GLOBAL",Não informado,Não informado,Não informado,CLT,Brasil,Backend;Rest;Docker;Frontend;Git;API;Testes Unitários;Java,closed,2025-01-02,https://github.com/soujava/vagas-java/issues/1807
1806,"SP, São Paulo - SENIOR JAVA SOFTWARE ENGINEER / 1GLOBAL",Não informado,Sênior,Não informado,CLT,Brasil,Rest;Docker;Web;Git;API;Java;Agile,closed,2025-01-02,https://github.com/soujava/vagas-java/issues/1806
1803,[SP] Engenheiro de Software Java Sênior [Extractta],Extractta,Sênior,Não informado,PJ,Brasil,Backend;Spring;Docker;Frontend;PostgreSQL;Redis;RabbitMQ;React;MongoDB;Java;Microserviços;Azure,closed,2024-12-05,https://github.com/soujava/vagas-java/issues/1803
1799,[HÍBRIDO PARANÁ] Pessoa Desenvolvedora Java Sênior [DB1],DB1,Sênior,Remoto,CLT,Brasil,Rest;Spring;Java,closed,2024-11-13,https://github.com/soujava/vagas-java/issues/1799
1798,[Híbrido em SP] Developer Cloud Sênior na [ITeam],ITeam,Sênior,Presencial,PJ,Brasil,DevOps;Spring;Git;NoSQL;API;Java;Python,closed,2024-11-10,https://github.com/soujava/vagas-java/issues/1798
1797,Remoto - Pessoa desenvolvedora Backend java senior com AWS - Zup innovation,Zup innovation,Não informado,Não informado,CLT,Brasil,Git;RabbitMQ;NoSQL;SQL;API;Kotlin;Java,closed,2024-10-29,https://github.com/soujava/vagas-java/issues/1797
1796,[Remoto] Sr Back-end Developer Java - Invillia,Invillia,Não informado,Não informado,Não informado,Brasil,Spring;Git;NoSQL;SQL;Jenkins;Testes Unitários;Java,closed,2024-10-28,https://github.com/soujava/vagas-java/issues/1796
1795,Pessoa Desenvolvedora Java+Kotlin Backend Sênior (SP ou RJ) - DQR TECH,DQR TECH,Não informado,Não informado,CLT,Brasil,DevOps;Backend;Rest;Spring;Angular;Docker;Git;Redis;RabbitMQ;React;API;Jenkins;Kotlin;Java;Microserviços,closed,2024-10-22,https://github.com/soujava/vagas-java/issues/1795
1793,[São Paulo - SP ] Desenvolvedor Java - Pleno/Sênior ,Não informado,Sênior,Não informado,CLT,Brasil,Spring;SCRUM;RabbitMQ;SQL;JUNIT;Testes Unitários;Java,closed,2024-10-10,https://github.com/soujava/vagas-java/issues/1793
1792,[Portugal] Senior Java Developer @Integer Consulting Portugal,Integer Consulting Portugal,Não informado,Não informado,Não informado,Portugal,Spring;JavaScript;SCRUM;Java,closed,2024-09-25,https://github.com/soujava/vagas-java/issues/1792
1790,[HÍBRIDO EM SP] JAVA BACKEND DEVELOPER na @DQRTech,@DQRTech,Sênior,Não informado,CLT,Brasil,DevOps;Backend;Rest;Spring;Angular;Git;RabbitMQ;React;API;Jenkins;Kotlin;Java;Microserviços,closed,2024-09-20,https://github.com/soujava/vagas-java/issues/1790
1789,[Belo Horizonte] Java/Spring Developer na Coodesh,Coodesh,Não informado,Não informado,CLT,Brasil,Rest;Spring;Docker;Git;API;Java,closed,2024-09-18,https://github.com/soujava/vagas-java/issues/1789
1785,[REMOTO] Cargo na [SHIFT],SHIFT,Sênior,Remoto,CLT,Brasil,DevOps;Rest;Angular;JavaScript;Web;SQL;API;Testes Unitários;Java,closed,2024-09-10,https://github.com/soujava/vagas-java/issues/1785
1783,[REMOTO] TECH LEAD JAVA  [V8.TECH],V8.TECH,Não informado,Remoto,Não informado,Brasil,DevOps;UI;Spring;Hibernate;Maven;JavaScript;HTML5;SCRUM;Frontend;Web;Git;Big Data;RabbitMQ;CSS3;API;JPA;JUNIT;Testes Unitários;Java;Google Cloud;Azure,closed,2024-08-22,https://github.com/soujava/vagas-java/issues/1783
1782,[REMOTO] Senior/Pleno Java-Angular Fullstack Developer [CI&T],CI&T,Sênior,Remoto,CLT,Brasil,Fullstack;Backend;Spring;Angular;Docker;SCRUM;Frontend;Git;Ant;Testes Unitários;Java;Azure,closed,2024-08-15,https://github.com/soujava/vagas-java/issues/1782
1781,[Remoto] Engenheira(o) Back-end Java Kotlin [TQI],TQI,Sênior,Remoto,CLT,Brasil,Rest;SOAP;SCRUM;SQL;Jenkins;Kotlin;Java;Agile,closed,2024-07-24,https://github.com/soujava/vagas-java/issues/1781
1779,[SÃO PAULO] Desenvolvedor JAVA Senior [Request IT],Request IT,Sênior,Não informado,Não informado,Brasil,MongoDB;Java;Azure,closed,2024-07-19,https://github.com/soujava/vagas-java/issues/1779
1778,[Híbrido/ Rio de Janeiro] BackEnd Pleno [ITeam],ITeam,Pleno,Remoto,PJ,Brasil,Backend;Rest;Spring;Docker;Web;Git;SQL;API;Java,closed,2024-07-18,https://github.com/soujava/vagas-java/issues/1778
1777,[REMOTO] Analista Cloud [REQUEST IT],REQUEST IT,Não informado,Remoto,PJ,Brasil,,closed,2024-07-16,https://github.com/soujava/vagas-java/issues/1777
1776,[Indaiatuba] Backend Developer na Coodesh,Coodesh,Não informado,Não informado,CLT,Brasil,Backend;Rest;Spring;Web;API;Java;Microserviços,closed,2024-07-05,https://github.com/soujava/vagas-java/issues/1776
1775,[Hibrido / São Paulo] Senior Java Developer na Coodesh,Coodesh,Sênior,Não informado,Não informado,Brasil,Rest;Spring;Angular;Hibernate;Maven;SOAP;Web;SQL;JPA;JUNIT;Websphere;Linux;Weblogic;Java,closed,2024-07-03,https://github.com/soujava/vagas-java/issues/1775
1773,[FULLY REMOTE] Senior Fullstack Engineer (Java+Angular) at Jobsity,Não informado,Não informado,Não informado,Não informado,Brasil,Fullstack;Backend;Spring;Angular;Docker;Frontend;Redis;NoSQL;SQL;API;Tomcat;Java,closed,2024-06-27,https://github.com/soujava/vagas-java/issues/1773
1772,"[Remoto] React, Flutter, Java Spring Developer na Coodesh",Coodesh,Não informado,Remoto,PJ,Brasil,Backend;Spring;Web;SQL;React;Java,closed,2024-06-19,https://github.com/soujava/vagas-java/issues/1772
1770,[SÃO PAULO] Desenvolvedor Java Sênior na [T.O. Brasil],T.O. Brasil,Sênior,Não informado,CLT,Brasil,Rest;Spring;Angular;Hibernate;SOAP;API;Java,closed,2024-06-13,https://github.com/soujava/vagas-java/issues/1770
1769,[FULLY REMOTE] Fullstack Engineer (React+Java) at Jobsity,Não informado,Não informado,Não informado,Não informado,Brasil,Fullstack;Backend;Docker;Frontend;SQL;React;Kotlin;Java,closed,2024-06-13,https://github.com/soujava/vagas-java/issues/1769
1766,[REMOTO] Engenheiro de Software Java - Pleno e Sênior [Extractta],Extractta,Sênior,Remoto,PJ,Brasil,DevOps;Spring;Docker;Git;NoSQL;React;Jenkins;Java,closed,2024-06-05,https://github.com/soujava/vagas-java/issues/1766
1765,[Híbrido em São Paulo] Back-end developer Java (Pleno ou Sênior) na @DQR Tech,@DQR Tech,Sênior,Presencial,CLT,Brasil,DevOps;Backend;Spring;Angular;PostgreSQL;Git;SQL;React;Jenkins;Java,closed,2024-06-04,https://github.com/soujava/vagas-java/issues/1765
1764,[Remoto] Backend Java Developer (Júnior) na Coodesh,Coodesh,Júnior,Remoto,CLT,Brasil,Backend;Spring;Git;NoSQL;SQL;Jenkins;Testes Unitários;Java,closed,2024-05-28,https://github.com/soujava/vagas-java/issues/1764
1763,[Remoto] Backend Java Developer (Pleno) na Coodesh,Coodesh,Pleno,Remoto,CLT,Brasil,Backend;Spring;Git;NoSQL;SQL;Jenkins;Testes Unitários;Java,closed,2024-05-28,https://github.com/soujava/vagas-java/issues/1763
1762,[Remoto] Backend Java Developer (Sênior) na Coodesh,Coodesh,Sênior,Remoto,CLT,Brasil,Backend;Spring;Git;NoSQL;SQL;Jenkins;Testes Unitários;Java,closed,2024-05-28,https://github.com/soujava/vagas-java/issues/1762
1761,DISTRITO FEDERAL na Empresa UGestor,Empresa UGestor,Sênior,Não informado,CLT,Brasil,Backend;Rest;Spring;JavaScript;SCRUM;PostgreSQL;Git;JPA;Java,closed,2024-05-15,https://github.com/soujava/vagas-java/issues/1761
1759,[REMOTO] Dev Java Fullstack SR no DB1 Group,Não informado,Sênior,Remoto,CLT,Brasil,DevOps;Fullstack;Backend;Rest;Spring;Angular;SQL;JPA;Java,closed,2024-05-07,https://github.com/soujava/vagas-java/issues/1759
1758,[REMOTO] Dev Java no DB1 Group,Não informado,Sênior,Remoto,CLT,Brasil,Java,closed,2024-05-07,https://github.com/soujava/vagas-java/issues/1758
1757,[REMOTO] Cargo de Tech Lead JAVA no [DB1 Group],DB1 Group,Não informado,Remoto,CLT,Brasil,Angular;Docker;PostgreSQL;Git;Redis;MongoDB;Java,closed,2024-05-07,https://github.com/soujava/vagas-java/issues/1757
1756,[São Paulo] Desenvolvedor Java Sr [Turn 2c],Turn 2c,Não informado,Presencial,CLT,Brasil,Rest;Spring;SQL;API;JPA;Java,closed,2024-05-06,https://github.com/soujava/vagas-java/issues/1756
1755,[Lisboa/Portugal] Senior Java Developer @Integer Consulting Portugal,Integer Consulting Portugal,Não informado,Não informado,Não informado,Portugal,Spring;Java,closed,2024-04-26,https://github.com/soujava/vagas-java/issues/1755
1754,[Remoto] Desenvolvedor(a) Full Stack Pleno (Java/React) com inglês avançado na [Hunter Hunter],Hunter Hunter,Pleno,Remoto,Não informado,Brasil,Backend;Spring;Hibernate;NoSQL;SQL;React;JUNIT;Java,closed,2024-04-18,https://github.com/soujava/vagas-java/issues/1754
1753,[Remoto] Java Developer na Coodesh,Coodesh,Não informado,Remoto,Não informado,Brasil,Rest;Spring;SCRUM;SQL;API;MongoDB;Testes Unitários;Java,closed,2024-04-12,https://github.com/soujava/vagas-java/issues/1753
1750,[REMOTO] Engenheiro de Software [EXTRACTTA],EXTRACTTA,Sênior,Remoto,CLT,Brasil,Backend;Spring;Docker;Frontend;PostgreSQL;Redis;RabbitMQ;React;MongoDB;Java;Microserviços;Azure,closed,2024-04-03,https://github.com/soujava/vagas-java/issues/1750
1749,[Santa Catarina/Remoto] Desenvolvedor Java Fullstack Sr na Desbravador Software,Desbravador Software,Sênior,Remoto,CLT,Brasil,Rest;Spring;Hibernate;Maven;JavaScript;Docker;SCRUM;PostgreSQL;Git;Redis;React;JPA;Wildfly;Testes Unitários;Java,closed,2024-03-30,https://github.com/soujava/vagas-java/issues/1749
1747,[Remoto] Java Developer na Coodesh,Coodesh,Não informado,Remoto,CLT,Brasil,Spring;Hibernate;JavaScript;SOAP;jQuery;SQL;React;JPA;JUNIT;Testes Unitários;Java,closed,2024-03-27,https://github.com/soujava/vagas-java/issues/1747
1746,[remoto Brasil] FullStack Developer at Thoughtworks,Não informado,Sênior,Remoto,CLT,Brasil,UI;Rest;Spring;Angular;Maven;NoSQL;SQL;Jenkins;Java,closed,2024-03-27,https://github.com/soujava/vagas-java/issues/1746
1745,[REMOTO] Java Developer Sênior [Extractta],Extractta,Sênior,Remoto,PJ,Brasil,Spring;Hibernate;Web;JPA;Java,closed,2024-03-20,https://github.com/soujava/vagas-java/issues/1745
1744,"[Hibrido / Campinas, São Paulo, Brazil] Backend Developer (Integrations) na Coodesh",Coodesh,Não informado,Não informado,PJ,Brasil,Backend;Rest;Spring;Docker;SOAP;Web;Big Data;RabbitMQ;API;Jenkins;Java;Microserviços;Azure,closed,2024-03-15,https://github.com/soujava/vagas-java/issues/1744
1743,[Florianópolis ou Remoto] Desenvolvedor Back End PL ou SR - Omega Sistemas,Omega Sistemas,Sênior,Presencial,CLT,Brasil,DevOps;Spring;Hibernate;NoSQL;API;Java,closed,2024-03-06,https://github.com/soujava/vagas-java/issues/1743
1741,[Remoto] FullStack Java Liferay na [ITeam],ITeam,Sênior,Remoto,PJ,Brasil,DevOps;Rest;Spring;Maven;JavaScript;Docker;Frontend;jQuery;Git;NoSQL;SQL;React;API;JPA;JUNIT;Websphere;Weblogic;Ant;Testes Unitários;Java;Azure,closed,2024-02-21,https://github.com/soujava/vagas-java/issues/1741
1739,[FULLY REMOTE] Java+Kotlin Developer at Jobsity,Não informado,Não informado,Não informado,Não informado,Brasil,Backend;Kotlin;Java,closed,2024-02-20,https://github.com/soujava/vagas-java/issues/1739
1738,[REMOTO] Back-end Java na [TQI],TQI,Sênior,Remoto,CLT,Brasil,Rest;SOAP;SCRUM;SQL;Jenkins;Kotlin;Java;Agile,closed,2024-02-20,https://github.com/soujava/vagas-java/issues/1738
1736,[Remote] Vaga de Java Full Stack SR na Encora BR!,Encora BR!,Sênior,Remoto,CLT,Brasil,UI;Backend;Spring;SOAP;Web;Git;RabbitMQ;React;Jenkins;MongoDB;Java,closed,2024-02-01,https://github.com/soujava/vagas-java/issues/1736
1735,[Remote] Vaga na Encora Brasil - Java Full stack Arquiteto,Encora Brasil - Java Full stack Arquiteto,Júnior,Remoto,CLT,Brasil,JavaScript;API;Java,closed,2024-02-01,https://github.com/soujava/vagas-java/issues/1735
1734,.,Não informado,Não informado,Não informado,Não informado,Brasil,API;Python,closed,2024-01-31,https://github.com/soujava/vagas-java/issues/1734
1733,[Remoto] Desenvolvedor(a) Backend Java (Big Data) | Improving,Não informado,Sênior,Remoto,CLT,Brasil,Backend;Redis;Big Data;Spark;NoSQL;MongoDB;Testes Unitários;Java;Google Cloud;Scala,closed,2024-01-30,https://github.com/soujava/vagas-java/issues/1733
1732,[Remoto] Desenvolvedor(a) Backend Java (Big Data) | Improving,Não informado,Sênior,Remoto,CLT,Brasil,Spring;PostgreSQL;JPA;MongoDB;Java,closed,2024-01-30,https://github.com/soujava/vagas-java/issues/1732
1731,[FULLY REMOTE] Sr. Java Developer - Jobsity ,Jobsity,Não informado,Não informado,Não informado,Brasil,Spring;RabbitMQ;MongoDB;Java,closed,2024-01-29,https://github.com/soujava/vagas-java/issues/1731
1729,[Remoto] Java Developer na Coodesh,Coodesh,Não informado,Remoto,CLT,Brasil,Rest;Spring;JavaScript;Git;SQL;JUNIT;Java,closed,2024-01-22,https://github.com/soujava/vagas-java/issues/1729
1728,[Remoto] Backend Java / Spring Framework na Coodesh,Coodesh,Não informado,Remoto,Não informado,Brasil,Fullstack;Backend;Spring;PostgreSQL;SQL;React;Java,closed,2024-01-19,https://github.com/soujava/vagas-java/issues/1728
1727,[Remoto] Full Stack Pleno (Java/React) com inglês avançado [Hunter Hunter],Hunter Hunter,Pleno,Remoto,Não informado,Brasil,Backend;Spring;Hibernate;NoSQL;SQL;React;JUNIT;Java,closed,2024-01-19,https://github.com/soujava/vagas-java/issues/1727
1726,[Remoto] Desenvolvedor(a) Backend Java | Improving,Não informado,Sênior,Remoto,CLT,Brasil,DevOps;Spring;Docker;NoSQL;Kotlin;Testes Unitários;Java;Google Cloud,closed,2024-01-12,https://github.com/soujava/vagas-java/issues/1726
1725,[São Paulo] Desenvolvedor(a) JAVA SR. - DQR Tech ,DQR Tech,Não informado,Não informado,CLT,Brasil,DevOps;Rest;Spring;Git;RabbitMQ;API;Jenkins;Kotlin;Java;Microserviços,closed,2024-01-12,https://github.com/soujava/vagas-java/issues/1725
1724,[Lisboa/Portugal] Java Developer @Integer Consulting,Integer Consulting,Não informado,Não informado,Não informado,Portugal,Spring;Java,closed,2023-12-29,https://github.com/soujava/vagas-java/issues/1724
1721,[Remoto] Desenvolvedor(a) SêniorJava/Angular com solida experiênciaem projetosde folhade pagamento e RH [Hunter Hunter],Hunter Hunter,Sênior,Remoto,CLT,Brasil,DevOps;Angular;SQL;Weblogic;Java;Azure,closed,2023-12-06,https://github.com/soujava/vagas-java/issues/1721
1720,[Full Stack (Java/React) e  inglês avançado] -  LATAM. Remoto.,LATAM. Remoto.,Não informado,Remoto,Não informado,Brasil,Backend;Spring;Hibernate;NoSQL;SQL;React;JUNIT;Java,closed,2023-12-02,https://github.com/soujava/vagas-java/issues/1720
1719,[Remoto] Desenvolvedor(a) Backend Java (Big Data) | Improving,Não informado,Sênior,Remoto,CLT,Brasil,Backend;Redis;Big Data;Spark;NoSQL;MongoDB;Testes Unitários;Java;Google Cloud;Scala,closed,2023-11-30,https://github.com/soujava/vagas-java/issues/1719
1718,[Remoto/SP] Desenvolvedor (a) Java - [ITeam],ITeam,Sênior,Remoto,PJ,Brasil,PostgreSQL;Git;SQL;Java;Python,closed,2023-11-29,https://github.com/soujava/vagas-java/issues/1718
1717,[Remoto] Desenvolvedor(a) Backend Java | Improving,Não informado,Sênior,Remoto,CLT,Brasil,DevOps;Spring;Docker;NoSQL;Kotlin;Testes Unitários;Java;Google Cloud,closed,2023-11-29,https://github.com/soujava/vagas-java/issues/1717
1716,[Remoto] Desenvolvedor(a) Full-Stack Java | Improving,Não informado,Sênior,Remoto,CLT,Brasil,Spring;Angular;NoSQL;MongoDB;Testes Unitários;Java,closed,2023-11-28,https://github.com/soujava/vagas-java/issues/1716
1715,"[Hibrido / Belo Horizonte, Minas Gerais, Brasil] Backend Developer na Coodesh",Coodesh,Não informado,Não informado,CLT,Brasil,Backend;Maven;Git;Java,closed,2023-11-24,https://github.com/soujava/vagas-java/issues/1715
1711,[Remoto] Fullstack Engineer na Coodesh,Coodesh,Não informado,Remoto,CLT,Brasil,Fullstack;Spring;Hibernate;Maven;JavaScript;SCRUM;Git;NoSQL;SQL;API;JPA;Testes Unitários;Java;Python,closed,2023-10-26,https://github.com/soujava/vagas-java/issues/1711
1710,[Remoto] Desenvolvedor(a) Backend Java (Big Data) | Improving,Não informado,Sênior,Remoto,CLT,Brasil,Backend;Redis;Big Data;Spark;NoSQL;MongoDB;Testes Unitários;Java;Google Cloud;Scala,closed,2023-10-19,https://github.com/soujava/vagas-java/issues/1710
1709,[Remoto] Desenvolvedor(a) Backend Java | Improving,Não informado,Sênior,Remoto,CLT,Brasil,DevOps;Spring;Docker;NoSQL;Kotlin;Testes Unitários;Java;Google Cloud,closed,2023-10-18,https://github.com/soujava/vagas-java/issues/1709
1707,[Remoto] Desenvolvedor(a) Full-Stack Java | Improving,Não informado,Sênior,Remoto,CLT,Brasil,Spring;Angular;NoSQL;MongoDB;Testes Unitários;Java,closed,2023-10-17,https://github.com/soujava/vagas-java/issues/1707
1706,[REMOTO] Fullstack Developer (Sênior) na VSM Informática ❤💙,VSM Informática ❤💙,Sênior,Remoto,CLT,Brasil,Fullstack;Backend;Spring;Angular;Hibernate;Frontend;Web;SQL;JPA;Java,closed,2023-10-16,https://github.com/soujava/vagas-java/issues/1706
1705,[Híbrido em SP] Java Backend Developer na @DQRTech,@DQRTech,Sênior,Não informado,CLT,Brasil,DevOps;Rest;Spring;Docker;API;Jenkins;Kotlin;Testes Unitários;Java,closed,2023-10-13,https://github.com/soujava/vagas-java/issues/1705
1704,Uberlândia – MG Network Technician na JPeF Consultoria,JPeF Consultoria,Sênior,Remoto,CLT,Brasil,Linux;Azure,closed,2023-10-13,https://github.com/soujava/vagas-java/issues/1704
1703,[Remoto] Java Developer (Pleno) na Coodesh,Coodesh,Pleno,Remoto,CLT,Brasil,Rest;Spring;Angular;Docker;Web;React;API;Java,closed,2023-10-13,https://github.com/soujava/vagas-java/issues/1703
1702,[Remoto] Java Developer (Sênior) na Coodesh,Coodesh,Sênior,Remoto,CLT,Brasil,Rest;Spring;Angular;Docker;Web;React;API;Java,closed,2023-10-13,https://github.com/soujava/vagas-java/issues/1702
1701,[Fullstack Developer Senior (Java 70% e Delphi 30%)] - Remoto (detalhe na descrição) - HunterHunter,descrição) - HunterHunter,Não informado,Remoto,CLT,Brasil,Fullstack;Web;NoSQL;Java,closed,2023-10-11,https://github.com/soujava/vagas-java/issues/1701
1700,[Remoto] Senior Java Developer na Coodesh,Coodesh,Não informado,Remoto,PJ,Brasil,SQL;Jenkins;Java,closed,2023-10-10,https://github.com/soujava/vagas-java/issues/1700
1698,[REMOTO] Fullstack Developer (Sênior) na VSM Informática ❤💙,VSM Informática ❤💙,Sênior,Remoto,CLT,Brasil,Fullstack;Backend;Spring;Angular;Hibernate;Frontend;Web;SQL;JPA;Java,closed,2023-09-13,https://github.com/soujava/vagas-java/issues/1698
1697,[FULLY REMOTE] Backend Java Developer [Jobsity],Jobsity,Não informado,Não informado,Não informado,Brasil,Backend;Spring;Docker;Redis;Linux;Java,closed,2023-09-12,https://github.com/soujava/vagas-java/issues/1697
1696,[Remoto] Desenvolvedor(a) Backend Java (Big Data) | Improving,Não informado,Sênior,Remoto,CLT,Brasil,Backend;Redis;Big Data;Spark;NoSQL;MongoDB;Testes Unitários;Java;Google Cloud;Scala,closed,2023-09-12,https://github.com/soujava/vagas-java/issues/1696
1694,[Remoto] Desenvolvedor(a) Backend Java | Improving,Não informado,Sênior,Remoto,CLT,Brasil,DevOps;Spring;Docker;NoSQL;Kotlin;Testes Unitários;Java;Google Cloud,closed,2023-09-11,https://github.com/soujava/vagas-java/issues/1694
1693,Dev. Full Stack (Flutter + C#),Não informado,Não informado,Não informado,Não informado,Brasil,DevOps;Docker;Frontend;Jenkins;Azure,closed,2023-09-11,https://github.com/soujava/vagas-java/issues/1693
1692,[Fullstack Developer Senior (Java 70% e Delphi 30%)] - Presencial em Chapecó - SC nos 4 primeiros meses - Hunter Hutner,Hunter Hutner,Não informado,Presencial,CLT,Brasil,Fullstack;Web;NoSQL;Java,closed,2023-09-06,https://github.com/soujava/vagas-java/issues/1692
1691,[Remoto] Desenvolvedor(a) Full-Stack Java | Improving,Não informado,Sênior,Remoto,CLT,Brasil,Spring;Angular;NoSQL;MongoDB;Testes Unitários;Java,closed,2023-09-05,https://github.com/soujava/vagas-java/issues/1691
1688,[Fully REMOTE] [USA] Java Backend Developer [Jobsity],Jobsity,Não informado,Não informado,Não informado,Brasil,Fullstack;Backend;Maven;SQL;Java;Google Cloud,closed,2023-08-22,https://github.com/soujava/vagas-java/issues/1688
1686,INMETRICS - Pessoa Desenvolvedora Java Sênior - Híbrido - São Paulo,São Paulo,Sênior,Não informado,CLT,Brasil,DevOps;Backend;Spring;Docker;Jenkins;MongoDB;Java;Microserviços;Google Cloud;Azure,closed,2023-08-17,https://github.com/soujava/vagas-java/issues/1686
1684,[Remoto] [Engenheiro de Software Java Pleno Remota com inglês avançado para conversação] na [HunterHunter],HunterHunter,Pleno,Remoto,CLT,Brasil,Rest;Maven;Docker;SOAP;SCRUM;Git;RabbitMQ;API;JUNIT;Java,closed,2023-08-15,https://github.com/soujava/vagas-java/issues/1684
1683,[Remoto] Desenvolvedor(a) Backend Java (Big Data) | Improving,Não informado,Sênior,Remoto,CLT,Brasil,Backend;Redis;Big Data;Spark;NoSQL;MongoDB;Testes Unitários;Java;Google Cloud;Scala,closed,2023-07-28,https://github.com/soujava/vagas-java/issues/1683
1682,[Remoto] Desenvolvedor(a) Full-Stack Java | Improving,Não informado,Sênior,Remoto,CLT,Brasil,Spring;Angular;NoSQL;MongoDB;Testes Unitários;Java,closed,2023-07-27,https://github.com/soujava/vagas-java/issues/1682
1681,[Remoto] Desenvolvedor(a) Backend Java | Improving,Não informado,Sênior,Remoto,CLT,Brasil,DevOps;Spring;Docker;NoSQL;Kotlin;Testes Unitários;Java;Google Cloud,closed,2023-07-26,https://github.com/soujava/vagas-java/issues/1681
1679,[Região Sul apenas - Remoto] [FullStack Developer Pleno Java e Delphi] - HunterHunter,HunterHunter,Pleno,Remoto,CLT,Brasil,Fullstack;Web;NoSQL;Java,closed,2023-07-19,https://github.com/soujava/vagas-java/issues/1679
1678,[Chapecó - SC (modelo híbrido 1 dia presencial e 4 remotos). Avaliam profissionais remotos do Sul do País] FullStack Developer Pleno Java e Delphi - HunterHunter,HunterHunter,Pleno,Presencial,CLT,Brasil,Fullstack;Web;NoSQL;Java,closed,2023-07-17,https://github.com/soujava/vagas-java/issues/1678
1671,[REMOTO] Fullstack Developer (Pleno) na VSM Informática ❤💙,VSM Informática ❤💙,Não informado,Remoto,CLT,Brasil,Fullstack;Backend;Angular;Hibernate;Frontend;Web;SQL;JPA;Java,closed,2023-06-26,https://github.com/soujava/vagas-java/issues/1671
1670,[REMOTO] Fullstack Developer (Pleno) na VSM Informática ❤💙,VSM Informática ❤💙,Não informado,Remoto,CLT,Brasil,Fullstack;Backend;Angular;Hibernate;Frontend;Web;SQL;JPA;Java,closed,2023-06-26,https://github.com/soujava/vagas-java/issues/1670
1669,[Remoto] Desenvolvedor(a) Full-Stack Java | Improving,Não informado,Sênior,Remoto,CLT,Brasil,Spring;Angular;NoSQL;MongoDB;Testes Unitários;Java,closed,2023-06-22,https://github.com/soujava/vagas-java/issues/1669
1668,[REMOTO] Senior Back-end Developer [ZUP INNOVATION],ZUP INNOVATION,Sênior,Remoto,CLT,Brasil,Rest;Spring;Web;JUNIT;Testes Unitários;Java,closed,2023-06-21,https://github.com/soujava/vagas-java/issues/1668
1667,[Remoto] Desenvolvedor(a) Backend Java (Big Data) | Improving,Não informado,Sênior,Remoto,CLT,Brasil,Backend;Redis;Big Data;Spark;NoSQL;MongoDB;Testes Unitários;Java;Google Cloud;Scala,closed,2023-06-13,https://github.com/soujava/vagas-java/issues/1667
1666,[Remoto] [Internacional] Senior Java Developer [Bonfire],Bonfire,Não informado,Remoto,Não informado,Brasil,Rest;Spring;JavaScript;PostgreSQL;Web;SQL;Java,closed,2023-06-07,https://github.com/soujava/vagas-java/issues/1666
1665,Dev. Front-end React.JS/ Node.JS Sênior,Não informado,Sênior,Não informado,Não informado,Brasil,DevOps;SCRUM;Frontend;Web;Git;React;Testes Unitários,closed,2023-06-06,https://github.com/soujava/vagas-java/issues/1665
1664,Dev. Mobile React Native - Especialista,Especialista,Não informado,Não informado,Não informado,Brasil,DevOps;Android;Rest;SOAP;SCRUM;Git;React,closed,2023-06-02,https://github.com/soujava/vagas-java/issues/1664
1663,[Remoto] Desenvolvedor(a) Backend Java | Improving,Não informado,Sênior,Remoto,CLT,Brasil,DevOps;Spring;Docker;NoSQL;Kotlin;Testes Unitários;Java;Google Cloud,closed,2023-05-26,https://github.com/soujava/vagas-java/issues/1663
1662,Desenvolvedor Pleno de JavaScript,Não informado,Pleno,Remoto,Não informado,Brasil,JavaScript;Web;Git;React;MongoDB,closed,2023-05-24,https://github.com/soujava/vagas-java/issues/1662
1659,[Remoto] Desenvolvedor Back-end - Bempaggo,Bempaggo,Sênior,Remoto,CLT,Brasil,JavaScript;Frontend;PostgreSQL;JUNIT;Jersey;Java,closed,2023-05-13,https://github.com/soujava/vagas-java/issues/1659
1658,[Remoto] Desenvolvedor Java Sênior - GCP [Deal] ,Deal,Sênior,Remoto,CLT,Brasil,Eclipse;Git;SQL;Jenkins;JUNIT;Java;Google Cloud,closed,2023-05-11,https://github.com/soujava/vagas-java/issues/1658
1657,Remoto Desenvolvedor Java Univision Tecnologia,Não informado,Pleno,Remoto,PJ,Brasil,DevOps;Rest;Spring;Angular;Hibernate;Maven;Docker;Git;React;Primefaces;Linux;EJB;Wildfly;MongoDB;Java;Microserviços;Google Cloud,closed,2023-05-11,https://github.com/soujava/vagas-java/issues/1657
1656,[PORTUGAL] Java Developer [INTEGER Consulting],INTEGER Consulting,Não informado,Remoto,Não informado,Portugal,DevOps;Java,closed,2023-05-09,https://github.com/soujava/vagas-java/issues/1656
1655,Dev. Android | Pleno,Não informado,Não informado,Não informado,Não informado,Brasil,UI;Android;Kotlin,closed,2023-05-08,https://github.com/soujava/vagas-java/issues/1655
1654,Dev. Android ,Não informado,Não informado,Não informado,Não informado,Brasil,Android;Rest;API;Testes Unitários;Java;Azure,closed,2023-05-08,https://github.com/soujava/vagas-java/issues/1654
1653,Dev. Fullstack Node.js/React.js | Sênior,Não informado,Não informado,Não informado,Não informado,Brasil,Docker;SCRUM;PostgreSQL;Git;React;Agile,closed,2023-05-08,https://github.com/soujava/vagas-java/issues/1653
1652,Dev. Front-end React Native Sênior,end React Native Sênior,Não informado,Não informado,Não informado,Brasil,JavaScript;Git;React;Java,closed,2023-05-08,https://github.com/soujava/vagas-java/issues/1652
1651,Dev. Back-End Java | Sênior ,Não informado,Não informado,Não informado,Não informado,Brasil,Rest;Spring;Docker;SOAP;Web;Redis;RabbitMQ;SQL;JPA;JUNIT;Java,closed,2023-05-08,https://github.com/soujava/vagas-java/issues/1651
1650,Dev. Java Sênior,Não informado,Não informado,Não informado,Não informado,Brasil,Rest;Spring;Docker;PostgreSQL;MongoDB;Java,closed,2023-05-05,https://github.com/soujava/vagas-java/issues/1650
1649,Dev. Java Sênior,Não informado,Não informado,Não informado,Não informado,Brasil,Rest;Spring;Docker;PostgreSQL;MongoDB;Java,closed,2023-05-05,https://github.com/soujava/vagas-java/issues/1649
1647,[Remoto] Java Developer na Coodesh,Coodesh,Não informado,Remoto,CLT,Brasil,Angular;JavaScript;SQL;Linux;Java,closed,2023-04-24,https://github.com/soujava/vagas-java/issues/1647
1646,[Hibrido / São paulo] Estágio Backend Java na Coodesh,Coodesh,Estágio,Não informado,Não informado,Brasil,Backend;Rest;Spring;Docker;SCRUM;PostgreSQL;Git;Java,closed,2023-04-20,https://github.com/soujava/vagas-java/issues/1646
1645,[PORTUGAL] Backend Developer [INTEGER Consulting],INTEGER Consulting,Não informado,Remoto,Não informado,Portugal,DevOps;Java,closed,2023-04-19,https://github.com/soujava/vagas-java/issues/1645
1644,[Remoto] Arquiteto de Integração [ITeam],ITeam,Sênior,Remoto,CLT,Brasil,Maven;Git;API;Java;Microserviços,closed,2023-04-17,https://github.com/soujava/vagas-java/issues/1644
1643,[Remoto] Desenvolvedor(a) Backend Java | Improving,Não informado,Sênior,Remoto,CLT,Brasil,DevOps;Spring;Docker;NoSQL;Kotlin;Testes Unitários;Java;Google Cloud,closed,2023-04-17,https://github.com/soujava/vagas-java/issues/1643
1642,[São Paulo] Desenvolvedor Full Stack Java - Softtek,Softtek,Sênior,Não informado,CLT,Brasil,Rest;Spring;Docker;Git;Java;Python,closed,2023-04-14,https://github.com/soujava/vagas-java/issues/1642
1641,[São Paulo] Analista Desenvolvedor Full Stack Java - Softtek ,Softtek,Sênior,Não informado,CLT,Brasil,Rest;Spring;Hibernate;Maven;Web;Redis;SQL;API;JPA;MongoDB;Java,closed,2023-04-14,https://github.com/soujava/vagas-java/issues/1641
1640,[REMOTO] FULLSTACK JAVA/JAVASCRIPT PLENO [OPIKODE],OPIKODE,Sênior,Remoto,PJ,Brasil,Rest;Maven;JavaScript;Docker;SOAP;SCRUM;Web;Jenkins;Nexus;Java;Azure,closed,2023-04-13,https://github.com/soujava/vagas-java/issues/1640
1639,[Remoto] Desenvolvedor(a) Backend Java (Big Data) | Improving,Não informado,Sênior,Remoto,CLT,Brasil,Backend;Redis;Big Data;Spark;NoSQL;MongoDB;Testes Unitários;Java;Google Cloud;Scala,closed,2023-04-13,https://github.com/soujava/vagas-java/issues/1639
1638,[REMOTO] Fullstack Developer (Sênior) na VSM Informática ❤💙,VSM Informática ❤💙,Não informado,Remoto,CLT,Brasil,Fullstack;Backend;Angular;Hibernate;Frontend;Web;SQL;JPA;Java,closed,2023-04-11,https://github.com/soujava/vagas-java/issues/1638
1637,[Indaiatuba] Tech Lead Java na Coodesh,Coodesh,Não informado,Não informado,Não informado,Brasil,Rest;Spring;Angular;Web;API;Java,closed,2023-04-04,https://github.com/soujava/vagas-java/issues/1637
1636,"[Indaiatuba, São Paulo, Brazil] Java Developer na Coodesh",Coodesh,Não informado,Não informado,Não informado,Brasil,Fullstack;Rest;Spring;Web;API;Java,closed,2023-04-04,https://github.com/soujava/vagas-java/issues/1636
1635,[SP] [Desenvolvedor (a) Java Pleno] - Presencial na Av. Paulista - SP - HunterHunter,Av. Paulista - SP - HunterHunter,Pleno,Presencial,CLT,Brasil,Spring;Angular;Hibernate;Maven;JavaScript;SCRUM;PostgreSQL;Git;RabbitMQ;API;JPA;Jenkins;Java,closed,2023-04-04,https://github.com/soujava/vagas-java/issues/1635
1634,[Remote] SENIOR JAVA + KOTLIN DEVELOPER [GO Exec],GO Exec,Não informado,Não informado,PJ,Brasil,Kotlin;Java,closed,2023-03-28,https://github.com/soujava/vagas-java/issues/1634
1632,"[Hibrido / Cidade Industrial de Curitiba, Paraná, Brazil] Java Developer (Desktop/Embarcado) na Coodesh",Coodesh,Não informado,Remoto,CLT,Brasil,Android;SQL;JPA;Linux;Testes Unitários;Java;Python,closed,2023-03-24,https://github.com/soujava/vagas-java/issues/1632
1631,[Remoto] Lead Backend Engineer [inPowered] [USD 7k],USD 7k,Sênior,Remoto,PJ,Brasil,Docker;Big Data;NoSQL;SQL;JUNIT;Java;Agile,closed,2023-03-23,https://github.com/soujava/vagas-java/issues/1631
1630,[Remoto] Backend Developer na Coodesh,Coodesh,Não informado,Remoto,Não informado,Brasil,Backend;Rest;Spring;Angular;Amazon AWS;SCRUM;Web;Testes Unitários;Java,closed,2023-03-23,https://github.com/soujava/vagas-java/issues/1630
1629,[Remoto] Java/AWS Software Developer na Coodesh,Coodesh,Não informado,Remoto,PJ,Brasil,Rest;Spring;PostgreSQL;Web;SQL;React;Java,closed,2023-03-21,https://github.com/soujava/vagas-java/issues/1629
1627,[Remoto] Desenvolvedor(a) Backend Java | Improving,Não informado,Sênior,Remoto,CLT,Brasil,DevOps;Spring;Docker;NoSQL;Kotlin;Testes Unitários;Java;Google Cloud,closed,2023-03-14,https://github.com/soujava/vagas-java/issues/1627
1626,Java Developer Opportunity- Relocation to Germany,Relocation to Germany,Não informado,Não informado,Freelance,Brasil,Java,closed,2023-03-12,https://github.com/soujava/vagas-java/issues/1626
1625,[Remoto] Desenvolvedor(a) Full-Stack Java | Improving,Não informado,Sênior,Remoto,CLT,Brasil,Spring;Angular;NoSQL;MongoDB;Testes Unitários;Java,closed,2023-03-10,https://github.com/soujava/vagas-java/issues/1625
1623,[REMOTO] Full Stack Developer SR Java + JavaScript [ZALLPY] INGLÊS AVANÇADO,Não informado,Não informado,Remoto,CLT,Brasil,DevOps;Spring;JavaScript;Docker;Frontend;Web;API;Java;Microserviços;Python,closed,2023-03-09,https://github.com/soujava/vagas-java/issues/1623
1622,"[Hibrido / Belo Horizonte, Minas Gerais, Brazil] Android Java Developer (Híbrido) na Coodesh",Coodesh,Pleno,Não informado,CLT,Brasil,Backend;Android;Rest;API;Kotlin;Java,closed,2023-03-08,https://github.com/soujava/vagas-java/issues/1622
1621,Senior Java Developer - ProV International,ProV International,Sênior,Não informado,Não informado,Brasil,Backend;Android;Spring;Hibernate;Maven;JavaScript;Docker;PostgreSQL;Git;RabbitMQ;SQL;React;JUNIT;Kotlin;Java,closed,2023-03-02,https://github.com/soujava/vagas-java/issues/1621
1620,[Remoto PT ] Back-end Developer [INTEGER Consulting Portugal],INTEGER Consulting Portugal,Não informado,Remoto,Não informado,Portugal,Java,closed,2023-03-02,https://github.com/soujava/vagas-java/issues/1620
1619,Problemas com o pipeline de publicação no GitHub Pages ,Não informado,Não informado,Não informado,Não informado,Brasil,Angular;github_actions,closed,2023-02-28,https://github.com/soujava/vagas-java/issues/1619
1616,"[Hibrido / São Paulo, São Paulo, Brazil] Java Spring Boot Developer na Coodesh",Coodesh,Não informado,Não informado,PJ,Brasil,Rest;Spring;Docker;PostgreSQL;Java,closed,2023-02-22,https://github.com/soujava/vagas-java/issues/1616
1615,[Remoto] Desenvolvedor Java [Bluesoft Sistemas],Bluesoft Sistemas,Pleno,Remoto,CLT,Brasil,Spring;Angular;Hibernate;JavaScript;Docker;PostgreSQL;jQuery;Git;SQL;Jenkins;JUNIT;Linux;MongoDB;Java,closed,2023-02-17,https://github.com/soujava/vagas-java/issues/1615
1614,[Java | Full Stack Developer (MRO Aviation) with Fluent English] - Presencial para realocação para Portugal - HunterHunter,HunterHunter,Não informado,Presencial,Não informado,Portugal,Backend;Frontend;SQL;Java;Agile,closed,2023-02-16,https://github.com/soujava/vagas-java/issues/1614
1613,[Remoto] Desenvolvedor(a) Backend Java | Improving,Não informado,Sênior,Remoto,CLT,Brasil,DevOps;Spring;Docker;NoSQL;Kotlin;Testes Unitários;Java;Google Cloud,closed,2023-02-14,https://github.com/soujava/vagas-java/issues/1613
1612,"Corrigir o serviço `/front-end/src/app/service/vaga.service.ts` para listar somente os issues que contenham a label ""job opportunity"".",Não informado,Não informado,Não informado,Não informado,Brasil,,closed,2023-02-09,https://github.com/soujava/vagas-java/issues/1612
1611,[Remoto] Desenvolvedor(a) Full-Stack Java | Improving,Não informado,Não informado,Não informado,Não informado,Brasil,,closed,2023-02-08,https://github.com/soujava/vagas-java/issues/1611
1610,"[Rio de Janeiro, Capital] Desenvolvedor Java | Resilia",Não informado,Não informado,Não informado,Não informado,Brasil,,closed,2023-02-07,https://github.com/soujava/vagas-java/issues/1610
1609,"[Hibrido / São Paulo, São Paulo, Brazil] Consultant /Java Developer - Híbrida (São Paulo) na Coodesh",Coodesh,Não informado,Não informado,Não informado,Brasil,,closed,2023-02-06,https://github.com/soujava/vagas-java/issues/1609
1608,"[Hibrido / Belo Horizonte, Minas Gerais, Brazil] Android Java Developer (Híbrido) na Coodesh",Coodesh,Não informado,Não informado,Não informado,Brasil,,closed,2023-02-06,https://github.com/soujava/vagas-java/issues/1608
1606,"[São Paulo, SP] BACK END - Desenvolvedor Java |JPeF Consultoria",Não informado,Não informado,Não informado,Não informado,Brasil,,closed,2023-02-03,https://github.com/soujava/vagas-java/issues/1606
1605,[Remoto] Android Developer na Coodesh,Coodesh,Não informado,Não informado,Não informado,Brasil,,closed,2023-01-30,https://github.com/soujava/vagas-java/issues/1605
1603,[Remoto] Desenvolvedor Java Pleno | Mentes que Pensam,Não informado,Não informado,Não informado,Não informado,Brasil,,closed,2023-01-23,https://github.com/soujava/vagas-java/issues/1603
1602,[London UK] Java Engineering Lead - Hispanic LatAm team | @Wise,Wise,Não informado,Não informado,Não informado,Brasil,,closed,2023-01-20,https://github.com/soujava/vagas-java/issues/1602
1601,"[Hibrido / Belo Horizonte, Minas Gerais, Brazil] Backend Java Developer (Sênior - Híbrido - Belo Horizonte - MG) na Coodesh",Coodesh,Não informado,Não informado,Não informado,Brasil,,closed,2023-01-19,https://github.com/soujava/vagas-java/issues/1601
1600,"[Hibrido / Belo Horizonte, Minas Gerais, Brazil] Backend Java Developer (Pleno - Híbrido em Belo Horizonte - MG) na Coodesh",Coodesh,Não informado,Não informado,Não informado,Brasil,,closed,2023-01-19,https://github.com/soujava/vagas-java/issues/1600
1599,[Remoto] Desenvolvedor(a) Backend Java | Improving,Não informado,Não informado,Não informado,Não informado,Brasil,,closed,2023-01-18,https://github.com/soujava/vagas-java/issues/1599
1598,"[Brasília, DF] Desenvolvedor Java | B2HR",Não informado,Não informado,Não informado,Não informado,Brasil,,closed,2023-01-17,https://github.com/soujava/vagas-java/issues/1598
1597,"[Híbrido | São Paulo/SP, Rio de Janeiro/RJ e Belo Horizonte/MG] Analistas DevOps - Nível Sênior | HrSoul",Não informado,Não informado,Não informado,Não informado,Brasil,,closed,2023-01-16,https://github.com/soujava/vagas-java/issues/1597
1596,[Remoto] Android Developer (Afirmativa para Mulheres) na Coodesh,Coodesh,Não informado,Não informado,Não informado,Brasil,,closed,2023-01-12,https://github.com/soujava/vagas-java/issues/1596
1592,[Brasília/DF e Goiânia/GO] Desenvolvedores Java Pleno e Sênior | HrSoul,Não informado,Não informado,Não informado,Não informado,Brasil,,closed,2022-12-27,https://github.com/soujava/vagas-java/issues/1592
1591,"[Hibrido / Belo Horizonte, Minas Gerais, Brazil] Android Java Developer na Coodesh",Coodesh,Não informado,Não informado,Não informado,Brasil,,closed,2022-12-27,https://github.com/soujava/vagas-java/issues/1591
1590,[Alocação REMOTO ou HÍBRIDO] Back-end developer [JAVA] - @dqrtech 🧡🖤,Não informado,Não informado,Não informado,Não informado,Brasil,,closed,2022-12-26,https://github.com/soujava/vagas-java/issues/1590
1589,[Remoto] Desenvolvedor(a) Full-Stack Java | Improving,Não informado,Não informado,Não informado,Não informado,Brasil,,closed,2022-12-21,https://github.com/soujava/vagas-java/issues/1589
1588,"[Hibrido / Belo Horizonte, Minas Gerais, Brazil] Backend Java Developer (Sênior - Híbrido - Belo Horizonte - MG) na Coodesh",Coodesh,Não informado,Não informado,Não informado,Brasil,,closed,2022-12-20,https://github.com/soujava/vagas-java/issues/1588
1587,"[Hibrido / Belo Horizonte, Minas Gerais, Brazil] Backend Java Developer (Pleno - Híbrido em Belo Horizonte - MG) na Coodesh",Coodesh,Não informado,Não informado,Não informado,Brasil,,closed,2022-12-20,https://github.com/soujava/vagas-java/issues/1587
1586,[Engenheiro(a) de Software Senior Java - Inglês intermediário para conversação] - Remoto | HunterHunter,Não informado,Não informado,Não informado,Não informado,Brasil,,closed,2022-12-19,https://github.com/soujava/vagas-java/issues/1586
1585,[Remoto] Arquiteto de Integração | ITeam,Não informado,Não informado,Não informado,Não informado,Brasil,,closed,2022-12-19,https://github.com/soujava/vagas-java/issues/1585
1584,[Remoto] Android Developer na Coodesh,Coodesh,Não informado,Não informado,Não informado,Brasil,,closed,2022-12-19,https://github.com/soujava/vagas-java/issues/1584
1583,[Remoto] Desenvolvedor(a) Backend Java | Improving,Não informado,Não informado,Não informado,Não informado,Brasil,,closed,2022-12-16,https://github.com/soujava/vagas-java/issues/1583
1582,DESENVOLVEDOR BACK-END PLENO,END PLENO,Não informado,Não informado,Não informado,Brasil,,closed,2022-12-15,https://github.com/soujava/vagas-java/issues/1582
1581,[Remoto] Desenvolvedor Java Pleno | @TQI,TQI,Não informado,Não informado,Não informado,Brasil,,closed,2022-12-13,https://github.com/soujava/vagas-java/issues/1581
1579,[FullStack Java/Spring Boot + React Senior Developer] - Inglês fluente para conversação - Híbrido em São Paulo. | HunterHunter,Não informado,Não informado,Não informado,Não informado,Brasil,,closed,2022-12-12,https://github.com/soujava/vagas-java/issues/1579
1578,(CURITIBA - PARANÁ) ANALISTA PROGRAMADOR JAVA PLENO!,Não informado,Não informado,Não informado,Não informado,Brasil,,closed,2022-12-12,https://github.com/soujava/vagas-java/issues/1578
1576,[CTO com foco em arquitetura Java com inglês avançado para conversação] 100% remota | HunterHunter,Não informado,Não informado,Não informado,Não informado,Brasil,,closed,2022-12-07,https://github.com/soujava/vagas-java/issues/1576
1575,CLT e 100% Home office - PESSOA DESENVOLVEDORA BACKEND (JAVA) SÊNIOR na @Inmetrics 💛💛,@Inmetrics 💛💛,Não informado,Não informado,Não informado,Brasil,,closed,2022-11-23,https://github.com/soujava/vagas-java/issues/1575
1572,[JAVA DELOPER] [SR] [ BOTCITY] [PJ] [REMOTO] ,REMOTO,Não informado,Não informado,Não informado,Brasil,,closed,2022-11-21,https://github.com/soujava/vagas-java/issues/1572
1571,[Remoto] Desenvolvedor(a) Full-Stack Java | Improving,Não informado,Não informado,Não informado,Não informado,Brasil,,closed,2022-11-21,https://github.com/soujava/vagas-java/issues/1571
1570,"[Híbrido 1x/semana][Barueri, Curitiba, Osasco, Uberlândia ou Rio de Janeiro] Tech Lead Java | Bradesco",Não informado,Não informado,Não informado,Não informado,Brasil,,closed,2022-11-21,https://github.com/soujava/vagas-java/issues/1570
1569,[Trabalho Remoto] Desenvolvedor Java | Bluesoft ,Não informado,Não informado,Não informado,Não informado,Brasil,,closed,2022-11-17,https://github.com/soujava/vagas-java/issues/1569
1567,[Remoto] Desenvolvedor Java | @TQI,TQI,Não informado,Não informado,Não informado,Brasil,,closed,2022-11-14,https://github.com/soujava/vagas-java/issues/1567
1566,[Remoto] Android Developer na Coodesh,Coodesh,Não informado,Não informado,Não informado,Brasil,,closed,2022-11-10,https://github.com/soujava/vagas-java/issues/1566
1564,Desenvolvedor fullstack - Portugal | B11 Technologies,Não informado,Não informado,Não informado,Não informado,Brasil,,closed,2022-11-09,https://github.com/soujava/vagas-java/issues/1564
1563,Brasília/DF Arquiteto Java | Contrato da Caixa Econômica Federal,Não informado,Não informado,Não informado,Não informado,Brasil,,closed,2022-11-09,https://github.com/soujava/vagas-java/issues/1563
1562,Brasília /DF - Desenvolvedor Java sênior / Atuação no contrato da Caixa Econômica,Não informado,Não informado,Não informado,Não informado,Brasil,,closed,2022-11-09,https://github.com/soujava/vagas-java/issues/1562
1561,[REMOTO] Desenvolvedor(a) Java -Full Stack | @codehunter,codehunter,Não informado,Não informado,Não informado,Brasil,,closed,2022-11-08,https://github.com/soujava/vagas-java/issues/1561
1559,REMOTO - ENGENHEIRO JAVA SENIOR - PJ OU CLT,PJ OU CLT,Não informado,Não informado,Não informado,Brasil,,closed,2022-11-02,https://github.com/soujava/vagas-java/issues/1559
1558,Vaga Remota - Parceiro Tegra - Engenheiro de Software Sênior,Engenheiro de Software Sênior,Não informado,Não informado,Não informado,Brasil,,closed,2022-11-02,https://github.com/soujava/vagas-java/issues/1558
1557,[Remoto] Desenvolvedor(a) Backend Java | Improving,Não informado,Não informado,Não informado,Não informado,Brasil,,closed,2022-11-01,https://github.com/soujava/vagas-java/issues/1557
1556,[REMOTO] PESSOA DESENVOLVEDORA JAVA JÚNIOR ,Não informado,Não informado,Não informado,Não informado,Brasil,,closed,2022-10-28,https://github.com/soujava/vagas-java/issues/1556
1553,"[Florianópolis, Santa Catarina / Home-office] Desenvolvedor Senior Java | WiFeed",Não informado,Não informado,Não informado,Não informado,Brasil,,closed,2022-10-26,https://github.com/soujava/vagas-java/issues/1553
1552,[Remoto] Desenvolvedor Java - @Globo,Globo,Não informado,Não informado,Não informado,Brasil,,closed,2022-10-24,https://github.com/soujava/vagas-java/issues/1552
1551,Oportunidade: Dev Java/Angular - Capgemini | Multinacional de grande porte TI,Não informado,Não informado,Não informado,Não informado,Brasil,,closed,2022-10-23,https://github.com/soujava/vagas-java/issues/1551
1550,[Remoto] Pessoa Arquiteta de Software | Justiça 4.0 (PNUD/ONU e CNJ),Não informado,Não informado,Não informado,Não informado,Brasil,,closed,2022-10-21,https://github.com/soujava/vagas-java/issues/1550
1549,[Backend Software Engineer (Java/PHP)] - Remoto - Inglês avançado | Hunter Hunter,Não informado,Não informado,Não informado,Não informado,Brasil,,closed,2022-10-20,https://github.com/soujava/vagas-java/issues/1549
1548,[Remoto] Desenvolvedor(a) Full-Stack Java | Improving,Não informado,Não informado,Não informado,Não informado,Brasil,,closed,2022-10-19,https://github.com/soujava/vagas-java/issues/1548
1547,[Remoto] Desenvolvedor Java | @TQI,TQI,Não informado,Não informado,Não informado,Brasil,,closed,2022-10-19,https://github.com/soujava/vagas-java/issues/1547
1546,[REMOTO] JAVA TECH LEAD | BUILDERS,Não informado,Não informado,Não informado,Não informado,Brasil,,closed,2022-10-18,https://github.com/soujava/vagas-java/issues/1546
1545,[Remoto] Desenvolvedor Java Senior | Builders,Não informado,Não informado,Não informado,Não informado,Brasil,,closed,2022-10-18,https://github.com/soujava/vagas-java/issues/1545
1544,[REMOTO] Java Solutions Architect | Builders,Não informado,Não informado,Não informado,Não informado,Brasil,,closed,2022-10-18,https://github.com/soujava/vagas-java/issues/1544
1543,[Remote] Desenvolvedor Java | Trio,Não informado,Não informado,Não informado,Não informado,Brasil,,closed,2022-10-17,https://github.com/soujava/vagas-java/issues/1543
1542,[Remoto] Desenvolvedor Java Back End Pleno | K2,Não informado,Não informado,Não informado,Não informado,Brasil,,closed,2022-10-13,https://github.com/soujava/vagas-java/issues/1542
1541,[Arquiteto Java Sênior] - 100% Remoto | Hunter Hunter,Não informado,Não informado,Não informado,Não informado,Brasil,,closed,2022-10-12,https://github.com/soujava/vagas-java/issues/1541
1540,[Full stack Java e Angular Pleno ou Sênior] - 100% remoto | Hunter Hunter,Não informado,Não informado,Não informado,Não informado,Brasil,,closed,2022-10-12,https://github.com/soujava/vagas-java/issues/1540
1539,[Desenvolvedor Java Pleno ou Sênior] - 100% remoto | Hunter Hunter,Não informado,Não informado,Não informado,Não informado,Brasil,,closed,2022-10-12,https://github.com/soujava/vagas-java/issues/1539
1538,[REMOTO] Desenvolvedor Java | Builders,Não informado,Não informado,Não informado,Não informado,Brasil,,closed,2022-10-11,https://github.com/soujava/vagas-java/issues/1538
1537,[Remoto] Desenvolvedor Java Senior ,Não informado,Não informado,Não informado,Não informado,Brasil,,closed,2022-10-10,https://github.com/soujava/vagas-java/issues/1537
1536,[Remoto] Android Developer na Coodesh,Coodesh,Não informado,Não informado,Não informado,Brasil,,closed,2022-10-10,https://github.com/soujava/vagas-java/issues/1536
1535,[REMOTO] Java Developer | DB1 GROUP,Não informado,Não informado,Não informado,Não informado,Brasil,,closed,2022-10-07,https://github.com/soujava/vagas-java/issues/1535
1529,[Remoto] Principal Engineer na Coodesh,Coodesh,Não informado,Não informado,Não informado,Brasil,,closed,2022-10-05,https://github.com/soujava/vagas-java/issues/1529
1528,[Remoto] SENIOR JAVA DEVELOPER / SPRINGBOOT ,Não informado,Não informado,Não informado,Não informado,Brasil,,closed,2022-10-04,https://github.com/soujava/vagas-java/issues/1528
1527,[Remoto] Pessoa Desenvolvedora (nível pleno) no Justiça 4.0 (PNUD/ONU e CNJ),Não informado,Não informado,Não informado,Não informado,Brasil,,closed,2022-09-30,https://github.com/soujava/vagas-java/issues/1527
1526,"[Hibrido / Fortaleza, Ceará, Brasil] Desenvolvedor Java na Coodesh",Coodesh,Não informado,Não informado,Não informado,Brasil,,closed,2022-09-30,https://github.com/soujava/vagas-java/issues/1526
1525,[HÍBRIDO/FORTALEZA-CE] DEV JAVA E .NET SR ,Não informado,Não informado,Não informado,Não informado,Brasil,,closed,2022-09-28,https://github.com/soujava/vagas-java/issues/1525
1524,[REMOTO] DESENVOLVEDOR PLENO,Não informado,Não informado,Não informado,Não informado,Brasil,,closed,2022-09-27,https://github.com/soujava/vagas-java/issues/1524
1523,[REMOTO] DESENVOLVEDOR(A) SÊNIOR ,Não informado,Não informado,Não informado,Não informado,Brasil,,closed,2022-09-27,https://github.com/soujava/vagas-java/issues/1523
1522,Oportunidade DEVS SENIOR,Não informado,Não informado,Não informado,Não informado,Brasil,,closed,2022-09-27,https://github.com/soujava/vagas-java/issues/1522
1521,[São Paulo or Campinas] Desenvolvedor Java | Netcracker Technology,Não informado,Não informado,Não informado,Não informado,Brasil,,closed,2022-09-26,https://github.com/soujava/vagas-java/issues/1521
1520,[São Paulo ou interior] [Desenvolvedor Back end Java Pleno SR] - Remoto,Remoto,Não informado,Não informado,Não informado,Brasil,,closed,2022-09-20,https://github.com/soujava/vagas-java/issues/1520
1519,[100% Remoto] Dev. Full Stack Java Sênior | Truppe!,Não informado,Não informado,Não informado,Não informado,Brasil,,closed,2022-09-19,https://github.com/soujava/vagas-java/issues/1519
1518,[REMOTO] Desenvolvedor Java Pleno | DEAL TECHNOLOGIES,Não informado,Não informado,Não informado,Não informado,Brasil,,closed,2022-09-19,https://github.com/soujava/vagas-java/issues/1518
1517,[Brasil- 100% remoto- Fullstack Java + React Pleno em BRQ Digital Solutions,Não informado,Não informado,Não informado,Não informado,Brasil,,closed,2022-09-13,https://github.com/soujava/vagas-java/issues/1517
1516,[Remoto] Tech Lead Java [Builders],Builders,Não informado,Não informado,Não informado,Brasil,,closed,2022-09-13,https://github.com/soujava/vagas-java/issues/1516
1515,"[REMOTO] Desenvolvedor (A) Java Pl, Sr - DQRTECH",DQRTECH,Não informado,Não informado,Não informado,Brasil,,closed,2022-09-12,https://github.com/soujava/vagas-java/issues/1515
1514,[Sao Paulo] Desenvolvedor Java | Netcracker Technology,Não informado,Não informado,Não informado,Não informado,Brasil,,closed,2022-09-09,https://github.com/soujava/vagas-java/issues/1514
1513,[Remoto] Desenvolvedor(a) Full-Stack Java | Improving,Não informado,Não informado,Não informado,Não informado,Brasil,,closed,2022-09-08,https://github.com/soujava/vagas-java/issues/1513
1512,[REMOTO] Desenvolvedor Java Sênior| DEAL TECHNOLOGIES,Não informado,Não informado,Não informado,Não informado,Brasil,,closed,2022-09-08,https://github.com/soujava/vagas-java/issues/1512
1511,[REMOTO] Full-Stack Developer| Trustly,Não informado,Não informado,Não informado,Não informado,Brasil,,closed,2022-09-06,https://github.com/soujava/vagas-java/issues/1511
1510,Senior Java Developer,Não informado,Não informado,Não informado,Não informado,Brasil,,closed,2022-09-06,https://github.com/soujava/vagas-java/issues/1510
1509,[Remoto] Java Tech Lead na Builders!,Builders!,Não informado,Não informado,Não informado,Brasil,,closed,2022-09-06,https://github.com/soujava/vagas-java/issues/1509
1508,[Remoto] Test Analyst na [Builders],Builders,Não informado,Não informado,Não informado,Brasil,,closed,2022-09-06,https://github.com/soujava/vagas-java/issues/1508
1507,[REMOTO] Desenvolvedor (a) Java | @DQRTECH,DQRTECH,Não informado,Não informado,Não informado,Brasil,,closed,2022-09-02,https://github.com/soujava/vagas-java/issues/1507
1506,"[São Paulo, SP] Senior Full Stack Java Software Engineer | Elumini",Não informado,Não informado,Não informado,Não informado,Brasil,,closed,2022-08-30,https://github.com/soujava/vagas-java/issues/1506
1505,[Brasília-DF] Desenvolvedor Java | Mirante Tecnologia. Faixa Salarial: 9k a 13.400 ,Não informado,Não informado,Não informado,Não informado,Brasil,,closed,2022-08-27,https://github.com/soujava/vagas-java/issues/1505
1504,[100% REMOTO] Senior Java Developer na Builders 🤟,Builders 🤟,Não informado,Não informado,Não informado,Brasil,,closed,2022-08-24,https://github.com/soujava/vagas-java/issues/1504
1503,[BRASIL - REMOTO] Java Developer SR - ELK Stack | Hering do Brasil,Não informado,Não informado,Não informado,Não informado,Brasil,,closed,2022-08-23,https://github.com/soujava/vagas-java/issues/1503
1502,[Campo Grande] Java Back-end Developer @EmpowerMind,EmpowerMind,Não informado,Não informado,Não informado,Brasil,,closed,2022-08-23,https://github.com/soujava/vagas-java/issues/1502
1501,[Remoto] Desenvolvedor Java - Sustentação | CLT | Deal,Não informado,Não informado,Não informado,Não informado,Brasil,,closed,2022-08-23,https://github.com/soujava/vagas-java/issues/1501
1500,[Lisboa/Porto] Desenvolvedor Java | KWAN,Não informado,Não informado,Não informado,Não informado,Brasil,,closed,2022-08-23,https://github.com/soujava/vagas-java/issues/1500
1499,[Remoto] Pessoa Arquiteta de Software | Justiça 4.0 (PNUD/ONU e CNJ),Não informado,Não informado,Não informado,Não informado,Brasil,,closed,2022-08-22,https://github.com/soujava/vagas-java/issues/1499
1498,[Remoto] Dev Back-end Pleno | Justiça 4.0 (PNUD/ONU e CNJ),Não informado,Não informado,Não informado,Não informado,Brasil,,closed,2022-08-22,https://github.com/soujava/vagas-java/issues/1498
1497,[REMOTO] Desenvolvedor Java Sênior| DEAL TECHNOLOGIES,Não informado,Não informado,Não informado,Não informado,Brasil,,closed,2022-08-22,https://github.com/soujava/vagas-java/issues/1497
1496,[REMOTO] Back-End Pleno Insights & Automações - STILINGUE 🦉,Não informado,Não informado,Não informado,Não informado,Brasil,,closed,2022-08-19,https://github.com/soujava/vagas-java/issues/1496
1495,VAGA FECHADA [Farroupilha-RS Presencial/Híbrido] Analista Desenvolvedor(a) Java @ Grendene ,Grendene,Não informado,Não informado,Não informado,Brasil,,closed,2022-08-18,https://github.com/soujava/vagas-java/issues/1495
1494,[Remoto] Back-end Developer Java Sr @ TOTVS ,TOTVS,Não informado,Não informado,Não informado,Brasil,,closed,2022-08-18,https://github.com/soujava/vagas-java/issues/1494
1493,[Desenvolvedor Back end Java Pleno SR] - CLT/hibrido 3 dias no escritório e 2 Remoto (São Paulo – Bairro Interlagos) ,Não informado,Não informado,Não informado,Não informado,Brasil,,closed,2022-08-18,https://github.com/soujava/vagas-java/issues/1493
1492,[REMOTO] Senior Java Developer na [Builders]! 🤩🤟,Builders]! 🤩🤟,Não informado,Não informado,Não informado,Brasil,,closed,2022-08-17,https://github.com/soujava/vagas-java/issues/1492
1491,[Remoto] Test Analyst na [Builders] 🤩🤟,Builders] 🤩🤟,Não informado,Não informado,Não informado,Brasil,,closed,2022-08-17,https://github.com/soujava/vagas-java/issues/1491
1490,[REMOTO] Analista de Testes Sênior| DEAL TECHNOLOGIES,Não informado,Não informado,Não informado,Não informado,Brasil,,closed,2022-08-17,https://github.com/soujava/vagas-java/issues/1490
1489,Senior full stack Java Developer,Não informado,Não informado,Não informado,Não informado,Brasil,,closed,2022-08-16,https://github.com/soujava/vagas-java/issues/1489
1488,"[São Bernardo do Campo, São Paulo] Programador (a) Full stack Java  | Sistematize",Não informado,Não informado,Não informado,Não informado,Brasil,,closed,2022-08-15,https://github.com/soujava/vagas-java/issues/1488
1487,[São Paulo- SP] Desenvolvedor Java | Mttechne,Não informado,Não informado,Não informado,Não informado,Brasil,,closed,2022-08-15,https://github.com/soujava/vagas-java/issues/1487
1486,"[São Paulo, SP] Desenvolvedor Java +Angular | Capgemini",Não informado,Não informado,Não informado,Não informado,Brasil,,closed,2022-08-15,https://github.com/soujava/vagas-java/issues/1486
1485,[REMOTO] Full-stack Developer | @Trustly,Trustly,Não informado,Não informado,Não informado,Brasil,,closed,2022-08-15,https://github.com/soujava/vagas-java/issues/1485
1484,[Remoto] Backend Java Developer na SolarZ,SolarZ,Não informado,Não informado,Não informado,Brasil,,closed,2022-08-11,https://github.com/soujava/vagas-java/issues/1484
1483,[São Paulo] Desenvolvedor Java | Netcracker Technology,Não informado,Não informado,Não informado,Não informado,Brasil,,closed,2022-08-11,https://github.com/soujava/vagas-java/issues/1483
1482,[Remoto] Backend Developer na Oystr - Robôs Inteligentes,Oystr - Robôs Inteligentes,Não informado,Não informado,Não informado,Brasil,,closed,2022-08-10,https://github.com/soujava/vagas-java/issues/1482
1481,[Jundiaí/ Híbrido] Desenvolvedor Java/Kotlin | KAAD,Não informado,Não informado,Não informado,Não informado,Brasil,,closed,2022-08-10,https://github.com/soujava/vagas-java/issues/1481
1480,[REMOTO] Java Systems Architect | CI&T,Não informado,Não informado,Não informado,Não informado,Brasil,,closed,2022-08-09,https://github.com/soujava/vagas-java/issues/1480
1479,[Software Engineer Fullstack with English] - Remoto - PJ - USD 5 K - USD 6 K - Brazil Residents.,Brazil Residents.,Não informado,Não informado,Não informado,Brasil,,closed,2022-08-09,https://github.com/soujava/vagas-java/issues/1479
1478,[Remoto] Arquiteto de Sistemas Java Sênior | Tecer,Não informado,Não informado,Não informado,Não informado,Brasil,,closed,2022-08-08,https://github.com/soujava/vagas-java/issues/1478
1477,[SÃO PAULO - SP] Desenvolvedor Java | PSM Company,Não informado,Não informado,Não informado,Não informado,Brasil,,closed,2022-08-08,https://github.com/soujava/vagas-java/issues/1477
1476,"[São Paulo, São Paulo] Desenvolvedor Java | PSM Company",Não informado,Não informado,Não informado,Não informado,Brasil,,closed,2022-08-08,https://github.com/soujava/vagas-java/issues/1476
1475,[Remoto] Desenvolvedor(a) Full-Stack Java | Improving,Não informado,Não informado,Não informado,Não informado,Brasil,,closed,2022-08-04,https://github.com/soujava/vagas-java/issues/1475
1474,[Remoto] Fullstack Developer (pleno) na Veolia,Veolia,Não informado,Não informado,Não informado,Brasil,,closed,2022-08-03,https://github.com/soujava/vagas-java/issues/1474
1472,[Remoto] Senior Java Developer | Builders,Não informado,Não informado,Não informado,Não informado,Brasil,,closed,2022-08-02,https://github.com/soujava/vagas-java/issues/1472
1471,[Remoto] Desenvolvedor Java SR | Snowman Labs,Não informado,Não informado,Não informado,Não informado,Brasil,,closed,2022-08-02,https://github.com/soujava/vagas-java/issues/1471
1470,[Remoto] Desenvolvedor(a) Backend Java (Big Data) | Improving,Não informado,Não informado,Não informado,Não informado,Brasil,,closed,2022-08-02,https://github.com/soujava/vagas-java/issues/1470
1469,[London] Engineering Lead Java @Wise,Wise,Não informado,Não informado,Não informado,Brasil,,closed,2022-07-27,https://github.com/soujava/vagas-java/issues/1469
1468,[Remoto] Java Developer na BALADAPP,BALADAPP,Não informado,Não informado,Não informado,Brasil,,closed,2022-07-26,https://github.com/soujava/vagas-java/issues/1468
1467,[REMOTE] Tech Lead Java CLT 13k | VMBears,Não informado,Não informado,Não informado,Não informado,Brasil,,closed,2022-07-26,https://github.com/soujava/vagas-java/issues/1467
1466,[REMOTE] Desenvolvedor Java PL/SR CLT 8-10k | VMBears,Não informado,Não informado,Não informado,Não informado,Brasil,,closed,2022-07-26,https://github.com/soujava/vagas-java/issues/1466
1465,[100% Remoto] Desenvolvedores Java Junior/Pleno/Sênior | Robert Half,Não informado,Não informado,Não informado,Não informado,Brasil,,closed,2022-07-25,https://github.com/soujava/vagas-java/issues/1465
1464,[Remoto] Desenvolvedor Java | Deal | CLT,Não informado,Não informado,Não informado,Não informado,Brasil,,closed,2022-07-25,https://github.com/soujava/vagas-java/issues/1464
1463,[Remoto] Desenvolvedor Java,Não informado,Não informado,Não informado,Não informado,Brasil,,closed,2022-07-22,https://github.com/soujava/vagas-java/issues/1463
1462,[Engineering Team Lead with advanced and spoken English] - Remote - $8000-$15000,Não informado,Não informado,Não informado,Não informado,Brasil,,closed,2022-07-20,https://github.com/soujava/vagas-java/issues/1462
1461,[Senior Software Engineer with advanced and spoken English] - Remote - $4500-$10000,Não informado,Não informado,Não informado,Não informado,Brasil,,closed,2022-07-20,https://github.com/soujava/vagas-java/issues/1461
1460,[Senior Android Developer with advanced and spoken English] - Remote - $4500-$5500,Não informado,Não informado,Não informado,Não informado,Brasil,,closed,2022-07-20,https://github.com/soujava/vagas-java/issues/1460
1459,[Remoto] Backend Java Developer na Linked RH,Linked RH,Não informado,Não informado,Não informado,Brasil,,closed,2022-07-20,https://github.com/soujava/vagas-java/issues/1459
1458,[Remoto] Front-end Javascript Developer ( Sênior) na Luizalabs,Luizalabs,Não informado,Não informado,Não informado,Brasil,,closed,2022-07-19,https://github.com/soujava/vagas-java/issues/1458
1457,[Remoto] Front-end Javascript Developer (pleno) na Luizalabs,Luizalabs,Não informado,Não informado,Não informado,Brasil,,closed,2022-07-19,https://github.com/soujava/vagas-java/issues/1457
1456,[Remoto] Back-end Java Developer (Pleno) na Luizalabs,Luizalabs,Não informado,Não informado,Não informado,Brasil,,closed,2022-07-19,https://github.com/soujava/vagas-java/issues/1456
1455,[Remoto] Back-end Java Developer ( Sênior) na Luizalabs,Luizalabs,Não informado,Não informado,Não informado,Brasil,,closed,2022-07-19,https://github.com/soujava/vagas-java/issues/1455
1454,[Remoto] Backend Java Developer na Oystr - Robôs Inteligentes,Oystr - Robôs Inteligentes,Não informado,Não informado,Não informado,Brasil,,closed,2022-07-19,https://github.com/soujava/vagas-java/issues/1454
1453,[Remoto] Desenvolvedor Java Júnio/ Pleno | @Meta,Meta,Não informado,Não informado,Não informado,Brasil,,closed,2022-07-18,https://github.com/soujava/vagas-java/issues/1453
1452,[Remoto] Desenvolvedor Java Júnior/Pleno | @Meta,Meta,Não informado,Não informado,Não informado,Brasil,,closed,2022-07-18,https://github.com/soujava/vagas-java/issues/1452
1451,[REMOTO] DEV JAVA PLENO E SÊNIOR | DB1 GROUP  ,Não informado,Não informado,Não informado,Não informado,Brasil,,closed,2022-07-18,https://github.com/soujava/vagas-java/issues/1451
1450,[Remoto] Backend Java Developer na Samba Tech,Samba Tech,Não informado,Não informado,Não informado,Brasil,,closed,2022-07-13,https://github.com/soujava/vagas-java/issues/1450
1449,[Remoto] Desenvolvedor fullstack | Blend IT ,Não informado,Não informado,Não informado,Não informado,Brasil,,closed,2022-07-13,https://github.com/soujava/vagas-java/issues/1449
1448,[Remoto] Back-end Java Developer,end Java Developer,Não informado,Não informado,Não informado,Brasil,,closed,2022-07-13,https://github.com/soujava/vagas-java/issues/1448
1447,[Remoto] Desenvolvedor Full Stack Sênior [Java e React],Java e React,Não informado,Não informado,Não informado,Brasil,,closed,2022-07-13,https://github.com/soujava/vagas-java/issues/1447
1446,[Remoto] Backend Java Developer na Oystr - Robôs Inteligentes,Oystr - Robôs Inteligentes,Não informado,Não informado,Não informado,Brasil,,closed,2022-07-12,https://github.com/soujava/vagas-java/issues/1446
1445,[100% Remoto] Lead Frontend React Native | PJ - Builders 🤘🚀,Não informado,Não informado,Não informado,Não informado,Brasil,,closed,2022-07-12,https://github.com/soujava/vagas-java/issues/1445
1444,JAVA DEVELOPER SR - REMOTO @DQR TECH,DQR TECH,Não informado,Não informado,Não informado,Brasil,,closed,2022-07-11,https://github.com/soujava/vagas-java/issues/1444
1443,[Systems Engineer Python or Ruby or Java or PHP or JavaScript] - Remote,Remote,Não informado,Não informado,Não informado,Brasil,,closed,2022-07-08,https://github.com/soujava/vagas-java/issues/1443
1442,[SENIOR Java Software Engineer with English] - Remote,Remote,Não informado,Não informado,Não informado,Brasil,,closed,2022-07-08,https://github.com/soujava/vagas-java/issues/1442
1441,[Java Developer Especialista JD - inglês avançado (entrevista em inglês) - 100% Remota] ,Não informado,Não informado,Não informado,Não informado,Brasil,,closed,2022-07-08,https://github.com/soujava/vagas-java/issues/1441
1440,[ESTÔNIA | HUNGARY] Senior Java Software Engineer | Wise,Não informado,Não informado,Não informado,Não informado,Brasil,,closed,2022-07-08,https://github.com/soujava/vagas-java/issues/1440
1439,[Remoto e Sem Bugs] Quality Assurance Engineer | PJ ou CLT - Builders,Builders,Não informado,Não informado,Não informado,Brasil,,closed,2022-07-05,https://github.com/soujava/vagas-java/issues/1439
1438,[Remoto] Desenvolvedor Java Sr | Mttechne,Não informado,Não informado,Não informado,Não informado,Brasil,,closed,2022-07-05,https://github.com/soujava/vagas-java/issues/1438
1436,Desenvolvedor SENIOR Java] CLT ou PJ - Remoto,Remoto,Não informado,Não informado,Não informado,Brasil,,closed,2022-07-05,https://github.com/soujava/vagas-java/issues/1436
1435,[Remoto/Internacional] Developer Java Sênior | pela Revelo Network,Não informado,Não informado,Não informado,Não informado,Brasil,,closed,2022-07-04,https://github.com/soujava/vagas-java/issues/1435
1434,[Remoto] Desenvolvedor(a) Full-Stack Java | Improving,Não informado,Não informado,Não informado,Não informado,Brasil,,closed,2022-07-01,https://github.com/soujava/vagas-java/issues/1434
1433,Desenvolvedor Java - 100% home office.,Não informado,Não informado,Não informado,Não informado,Brasil,,closed,2022-06-30,https://github.com/soujava/vagas-java/issues/1433
1432,"[Cidade, Estado] Desenvolvedor Java | ACME LTDA",Não informado,Não informado,Não informado,Não informado,Brasil,,closed,2022-06-30,https://github.com/soujava/vagas-java/issues/1432
1431,[Desenvolvedor Back end Java Pleno SR] - CLT/hibrido 3 dias no escritório Interlagos - SP e 2 Remoto.,SP e 2 Remoto.,Não informado,Não informado,Não informado,Brasil,,closed,2022-06-29,https://github.com/soujava/vagas-java/issues/1431
1430,[Remoto] Backend Java Developer na SolarZ,SolarZ,Não informado,Não informado,Não informado,Brasil,,closed,2022-06-29,https://github.com/soujava/vagas-java/issues/1430
1429,[Remoto e Backend] Cross Domain Solutions Architect na Builders 💛,Builders 💛,Não informado,Não informado,Não informado,Brasil,,closed,2022-06-29,https://github.com/soujava/vagas-java/issues/1429
1428,[Remoto] Desenvolvedor Java | TQI,Não informado,Não informado,Não informado,Não informado,Brasil,,closed,2022-06-29,https://github.com/soujava/vagas-java/issues/1428
1427,[Remoto] Desenvolvedor(a) Backend Java (Big Data) | Improving,Não informado,Não informado,Não informado,Não informado,Brasil,,closed,2022-06-28,https://github.com/soujava/vagas-java/issues/1427
1426,[Remoto] Javascript Developer na Intellective,Intellective,Não informado,Não informado,Não informado,Brasil,,closed,2022-06-22,https://github.com/soujava/vagas-java/issues/1426
1425,[Hibrido / Belo Horizonte] Frontend Javascript Developer na BeTruck,BeTruck,Não informado,Não informado,Não informado,Brasil,,closed,2022-06-21,https://github.com/soujava/vagas-java/issues/1425
1424,[100% REMOTO/BRASIL] Pessoa desenvolvedora Java Pleno ou Sênior em BRQ Digital Solutions,Não informado,Não informado,Não informado,Não informado,Brasil,,closed,2022-06-17,https://github.com/soujava/vagas-java/issues/1424
1423,[Remoto] Backend Engineer Java (Sênior) na Intelipost,Intelipost,Não informado,Não informado,Não informado,Brasil,,closed,2022-06-17,https://github.com/soujava/vagas-java/issues/1423
1422,Analista de Devops Pl São Jose dos campos SP,Não informado,Não informado,Não informado,Não informado,Brasil,,closed,2022-06-17,https://github.com/soujava/vagas-java/issues/1422
1421,Desenvolvedor Java Backend Sr  São jose dos campos SP MVHunter,Não informado,Não informado,Não informado,Não informado,Brasil,,closed,2022-06-17,https://github.com/soujava/vagas-java/issues/1421
1420,MVHunter Desenvolvedor Java Sênior São jose dos campos SP,Não informado,Não informado,Não informado,Não informado,Brasil,,closed,2022-06-17,https://github.com/soujava/vagas-java/issues/1420
1419,Dev java backebd PL  São jose dos campos SP,Não informado,Não informado,Não informado,Não informado,Brasil,,closed,2022-06-17,https://github.com/soujava/vagas-java/issues/1419
1418,Remoto[Desenvolvedor Full Stack Java/ Ângular Júnior | Capgemini],Não informado,Não informado,Não informado,Não informado,Brasil,,closed,2022-06-15,https://github.com/soujava/vagas-java/issues/1418
1417,[Remoto] Java Backend Developer na Linked RH,Linked RH,Não informado,Não informado,Não informado,Brasil,,closed,2022-06-15,https://github.com/soujava/vagas-java/issues/1417
1416,[Remoto] Cross Domain Solutions Architect I PJ I Builders,Não informado,Não informado,Não informado,Não informado,Brasil,,closed,2022-06-15,https://github.com/soujava/vagas-java/issues/1416
1415,[Hibrido / Belo Horizonte] Java Developer (Sênior) na Omnilogic,Omnilogic,Não informado,Não informado,Não informado,Brasil,,closed,2022-06-14,https://github.com/soujava/vagas-java/issues/1415
1414,"[Hibrido / Belo Horizonte, Minas Gerais, Brazil] Backend Javascript Developer na BeTruck",BeTruck,Não informado,Não informado,Não informado,Brasil,,closed,2022-06-14,https://github.com/soujava/vagas-java/issues/1414
1413,[Remoto] Desenvolvedor Java Pleno e Senior (2 vagas) | Luizalabs,Não informado,Não informado,Não informado,Não informado,Brasil,,closed,2022-06-13,https://github.com/soujava/vagas-java/issues/1413
1412,[Hibrido / Florianópolis] Fullstack Developer na AltoQi,AltoQi,Não informado,Não informado,Não informado,Brasil,,closed,2022-06-13,https://github.com/soujava/vagas-java/issues/1412
1411,HomeOffice Desenvolvedor Java  | Capgemini,Não informado,Não informado,Não informado,Não informado,Brasil,,closed,2022-06-10,https://github.com/soujava/vagas-java/issues/1411
1410,[Remoto] Fullstack Java Developer (Júnior) na Tatic,Tatic,Não informado,Não informado,Não informado,Brasil,,closed,2022-06-09,https://github.com/soujava/vagas-java/issues/1410
1409,[REMOTO] Full-Stack Developer | @TRUSTLY ,TRUSTLY,Não informado,Não informado,Não informado,Brasil,,closed,2022-06-08,https://github.com/soujava/vagas-java/issues/1409
1408,[Remoto] Desenvolvedor Java Sênior | Hcoder ,Não informado,Não informado,Não informado,Não informado,Brasil,,closed,2022-06-08,https://github.com/soujava/vagas-java/issues/1408
1407,"[Remoto, EUA] Lead Backend Engineer | HcodeR",Não informado,Não informado,Não informado,Não informado,Brasil,,closed,2022-06-08,https://github.com/soujava/vagas-java/issues/1407
1406,[Remoto & Features & Kubernetes] DevOps Engineer | PJ - Builders,Builders,Não informado,Não informado,Não informado,Brasil,,closed,2022-06-08,https://github.com/soujava/vagas-java/issues/1406
1405,[REMOTO] Cross Domain Solutions Architect | CLT/PJ | Builders,Não informado,Não informado,Não informado,Não informado,Brasil,,closed,2022-06-08,https://github.com/soujava/vagas-java/issues/1405
1404,[Remoto] Front-end Javascript Developer ( Sênior) na Luizalabs,Luizalabs,Não informado,Não informado,Não informado,Brasil,,closed,2022-06-07,https://github.com/soujava/vagas-java/issues/1404
1403,[Remoto] Back-end Java Developer ( Sênior) na Luizalabs,Luizalabs,Não informado,Não informado,Não informado,Brasil,,closed,2022-06-07,https://github.com/soujava/vagas-java/issues/1403
1402,[Remoto] Front-end Javascript Developer (pleno) na Luizalabs,Luizalabs,Não informado,Não informado,Não informado,Brasil,,closed,2022-06-07,https://github.com/soujava/vagas-java/issues/1402
1401,"[Rio de Janeiro, RJ] Teach Lead | Iblue Consulting",Não informado,Não informado,Não informado,Não informado,Brasil,,closed,2022-06-07,https://github.com/soujava/vagas-java/issues/1401
1400,[REMOTO] Senior Back-End Engineer | @Trustly,Trustly,Não informado,Não informado,Não informado,Brasil,,closed,2022-06-06,https://github.com/soujava/vagas-java/issues/1400
1398,[Remoto] Cross Domain Solutions Architect na Builders I PJ,Builders I PJ,Não informado,Não informado,Não informado,Brasil,,closed,2022-06-02,https://github.com/soujava/vagas-java/issues/1398
1397,[Remoto] Desenvolvedor Java - NG Billing - Objective,Objective,Não informado,Não informado,Não informado,Brasil,,closed,2022-05-31,https://github.com/soujava/vagas-java/issues/1397
1396,[Curitiba] Java Developer na Topdata,Topdata,Não informado,Não informado,Não informado,Brasil,,closed,2022-05-31,https://github.com/soujava/vagas-java/issues/1396
1395,[Remoto] Desenvolvedor Java - Sustentação | Deal | CLT,Não informado,Não informado,Não informado,Não informado,Brasil,,closed,2022-05-27,https://github.com/soujava/vagas-java/issues/1395
1394,[Remoto] Back-end Java Developer ( Sênior) na VipCommerce (Magazine Luiza),VipCommerce (Magazine Luiza),Não informado,Não informado,Não informado,Brasil,,closed,2022-05-27,https://github.com/soujava/vagas-java/issues/1394
1393,[Remoto] Back-end Java Developer (Pleno) na VipCommerce (Magazine Luiza),VipCommerce (Magazine Luiza),Não informado,Não informado,Não informado,Brasil,,closed,2022-05-27,https://github.com/soujava/vagas-java/issues/1393
1392,[Remoto] Fullstack Java Developer na Fóton Informática,Fóton Informática,Não informado,Não informado,Não informado,Brasil,,closed,2022-05-26,https://github.com/soujava/vagas-java/issues/1392
1391,[Remoto com Possibilidade de Profit Share 🚀] Java Tech Lead | PJ - Builders,Builders,Não informado,Não informado,Não informado,Brasil,,closed,2022-05-25,https://github.com/soujava/vagas-java/issues/1391
1390,[Remoto] Senior Mulesoft API Integration Developer l PJ,Não informado,Não informado,Não informado,Não informado,Brasil,,closed,2022-05-25,https://github.com/soujava/vagas-java/issues/1390
1389,[Remoto] Desenvolvedor(a) Backend Java (Big Data) | Improving,Não informado,Não informado,Não informado,Não informado,Brasil,,closed,2022-05-25,https://github.com/soujava/vagas-java/issues/1389
1388,[REMOTO] Java Software Architect @Trustly,Trustly,Não informado,Não informado,Não informado,Brasil,,closed,2022-05-20,https://github.com/soujava/vagas-java/issues/1388
1387,[Remota] Desenvolvedor Java Spring - JUNIOR na Ajax - Advanced Technological Solutions  ,Ajax - Advanced Technological Solutions  ,Não informado,Não informado,Não informado,Brasil,,closed,2022-05-20,https://github.com/soujava/vagas-java/issues/1387
1386,[Remoto] Vaga para Dev Java e Tech Lead!! (Todas as Senioridades),Não informado,Não informado,Não informado,Não informado,Brasil,,closed,2022-05-20,https://github.com/soujava/vagas-java/issues/1386
1385,[Remoto] Java Developer na FINBOOSTER,FINBOOSTER,Não informado,Não informado,Não informado,Brasil,,closed,2022-05-20,https://github.com/soujava/vagas-java/issues/1385
1384,[Remoto] Senior Mulesoft API Integration Developer na Builders I PJ,Builders I PJ,Não informado,Não informado,Não informado,Brasil,,closed,2022-05-18,https://github.com/soujava/vagas-java/issues/1384
1383,[Remoto] Java Tech Lead na Builders I PJ,Builders I PJ,Não informado,Não informado,Não informado,Brasil,,closed,2022-05-18,https://github.com/soujava/vagas-java/issues/1383
1382,[Remoto] Senior Java Developer | PJ - Builders,Builders,Não informado,Não informado,Não informado,Brasil,,closed,2022-05-18,https://github.com/soujava/vagas-java/issues/1382
1381,[Remoto] Cross Domain Solutions Architect | PJ na Builders,Builders,Não informado,Não informado,Não informado,Brasil,,closed,2022-05-18,https://github.com/soujava/vagas-java/issues/1381
1380,[REMOTO] Pessoa Tech Lead Java | DB1 Group,Não informado,Não informado,Não informado,Não informado,Brasil,,closed,2022-05-16,https://github.com/soujava/vagas-java/issues/1380
1379,"[Remoto, São Paulo] Desenvolvedor Java Sênior | @META",META,Não informado,Não informado,Não informado,Brasil,,closed,2022-05-11,https://github.com/soujava/vagas-java/issues/1379
1378,"[Remoto, São Paulo] Desenvolvedor Java Sênior | @META",META,Não informado,Não informado,Não informado,Brasil,,closed,2022-05-11,https://github.com/soujava/vagas-java/issues/1378
1377,"[Remoto, São Paulo] Desenvolvedor Java Sênior | @META",META,Não informado,Não informado,Não informado,Brasil,,closed,2022-05-11,https://github.com/soujava/vagas-java/issues/1377
1376,"[Remoto, São Paulo] Desenvolvedor Java Sênior | @META",META,Não informado,Não informado,Não informado,Brasil,,closed,2022-05-11,https://github.com/soujava/vagas-java/issues/1376
1375,"[Remoto, São Paulo] Desenvolvedor Java Sênior |@META",META,Não informado,Não informado,Não informado,Brasil,,closed,2022-05-11,https://github.com/soujava/vagas-java/issues/1375
1374,"[Remoto, São Paulo] Desenvolvedor Java Sênior| @META",META,Não informado,Não informado,Não informado,Brasil,,closed,2022-05-11,https://github.com/soujava/vagas-java/issues/1374
1373,[Remote] Desenvolvedor Java | Jobsity,Não informado,Não informado,Não informado,Não informado,Brasil,,closed,2022-05-11,https://github.com/soujava/vagas-java/issues/1373
1372,[Remoto] Fullstack Java Developer (Júnior) na Tatic,Tatic,Não informado,Não informado,Não informado,Brasil,,closed,2022-05-11,https://github.com/soujava/vagas-java/issues/1372
1371,[Remoto] Fullstack Java Developer  (Sênior) na Tatic,Tatic,Não informado,Não informado,Não informado,Brasil,,closed,2022-05-11,https://github.com/soujava/vagas-java/issues/1371
1370,Java Software Engineer - Remoto ,Remoto,Não informado,Não informado,Não informado,Brasil,,closed,2022-05-10,https://github.com/soujava/vagas-java/issues/1370
1369,[Remoto] Java Developer na FINBOOSTER,FINBOOSTER,Não informado,Não informado,Não informado,Brasil,,closed,2022-05-10,https://github.com/soujava/vagas-java/issues/1369
1368,[Remoto] Cross Domain Solutions Architect | PJ na Builders,Builders,Não informado,Não informado,Não informado,Brasil,,closed,2022-05-09,https://github.com/soujava/vagas-java/issues/1368
1367,[Remoto] Senior Java Developer | PJ - Builders,Builders,Não informado,Não informado,Não informado,Brasil,,closed,2022-05-09,https://github.com/soujava/vagas-java/issues/1367
1366,[Home Office] Desenvolvedora Java | CLT | Deal,Não informado,Não informado,Não informado,Não informado,Brasil,,closed,2022-05-09,https://github.com/soujava/vagas-java/issues/1366
1362,[Remoto] Java Developer (Sênior) na Veolia,Veolia,Não informado,Não informado,Não informado,Brasil,,closed,2022-05-04,https://github.com/soujava/vagas-java/issues/1362
1361,[Remoto] Senior Java Developer | PJ - Builders,Builders,Não informado,Não informado,Não informado,Brasil,,closed,2022-05-03,https://github.com/soujava/vagas-java/issues/1361
1360,[Remoto] Backend Software Engineer @ will bank,will bank,Não informado,Não informado,Não informado,Brasil,,closed,2022-04-29,https://github.com/soujava/vagas-java/issues/1360
1359,[Remoto] Desenvolvedor(a) Java Pleno | CRP Tecnologia,Não informado,Não informado,Não informado,Não informado,Brasil,,closed,2022-04-29,https://github.com/soujava/vagas-java/issues/1359
1358,[Remoto]  Backend Java Developer na SolarZ,SolarZ,Não informado,Não informado,Não informado,Brasil,,closed,2022-04-26,https://github.com/soujava/vagas-java/issues/1358
1357,[Remoto] Desenvolvedor(a) Backend Java (Big Data) | Improving,Não informado,Não informado,Não informado,Não informado,Brasil,,closed,2022-04-25,https://github.com/soujava/vagas-java/issues/1357
1356,[REMOTO] Back-end Java na @TQI,@TQI,Não informado,Não informado,Não informado,Brasil,,closed,2022-04-24,https://github.com/soujava/vagas-java/issues/1356
1355,[Remoto / Híbrido - Desenvolvedor (a) Backend Java - Zitrus Healthtech],Não informado,Não informado,Não informado,Não informado,Brasil,,closed,2022-04-22,https://github.com/soujava/vagas-java/issues/1355
1354,[Remote] Desenvolvedor Java | Jobsity,Não informado,Não informado,Não informado,Não informado,Brasil,,closed,2022-04-20,https://github.com/soujava/vagas-java/issues/1354
1353,"[Cidade, Estado] Desenvolvedor Java | Nome empresa",Não informado,Não informado,Não informado,Não informado,Brasil,,closed,2022-04-19,https://github.com/soujava/vagas-java/issues/1353
1352,[100% remoto] Desenvolvedor Java | Mirante Tecnologia,Não informado,Não informado,Não informado,Não informado,Brasil,,closed,2022-04-18,https://github.com/soujava/vagas-java/issues/1352
1351,[Remoto] Oportunidades PJ Remoto | K2,Não informado,Não informado,Não informado,Não informado,Brasil,,closed,2022-04-18,https://github.com/soujava/vagas-java/issues/1351
1350,"[Curitiba, Paraná, Brazil] Fullstack Java Developer na Topdata",Topdata,Não informado,Não informado,Não informado,Brasil,,closed,2022-04-11,https://github.com/soujava/vagas-java/issues/1350
1347,"[Araçatuba, São Paulo - REMOTO] Desenvolvedor Java | Grupo Acert",Não informado,Não informado,Não informado,Não informado,Brasil,,closed,2022-04-08,https://github.com/soujava/vagas-java/issues/1347
1346,[Remoto] Desenvolvedor(a) Backend Java | Improving,Não informado,Não informado,Não informado,Não informado,Brasil,,closed,2022-04-08,https://github.com/soujava/vagas-java/issues/1346
1345,[Remoto] Pleno/Senior Java Developer | idwall,Não informado,Não informado,Não informado,Não informado,Brasil,,closed,2022-04-07,https://github.com/soujava/vagas-java/issues/1345
1344,[Remoto] Java Development Analyst na Avaliar Psicologia,Avaliar Psicologia,Não informado,Não informado,Não informado,Brasil,,closed,2022-04-07,https://github.com/soujava/vagas-java/issues/1344
1343,[Remoto] Desenvolvedor Java | Deal Technologies,Não informado,Não informado,Não informado,Não informado,Brasil,,closed,2022-04-06,https://github.com/soujava/vagas-java/issues/1343
1341,[Remoto] Java Developer (Sênior) na Veolia,Veolia,Não informado,Não informado,Não informado,Brasil,,closed,2022-04-06,https://github.com/soujava/vagas-java/issues/1341
1340,[Remoto] Java Developer (Pleno) na Veolia,Veolia,Não informado,Não informado,Não informado,Brasil,,closed,2022-04-05,https://github.com/soujava/vagas-java/issues/1340
1339,[Remoto] Java Developer (Sênior) na Samba Tech,Samba Tech,Não informado,Não informado,Não informado,Brasil,,closed,2022-04-05,https://github.com/soujava/vagas-java/issues/1339
1338,[Remote] Desenvolvedor Java | Jobsity ,Não informado,Não informado,Não informado,Não informado,Brasil,,closed,2022-04-04,https://github.com/soujava/vagas-java/issues/1338
1336,[Remoto] Backend Software Engineer @ will bank,will bank,Não informado,Não informado,Não informado,Brasil,,closed,2022-03-31,https://github.com/soujava/vagas-java/issues/1336
1335,Software Engineer Java SR - Brasil ,Brasil,Não informado,Não informado,Não informado,Brasil,,closed,2022-03-31,https://github.com/soujava/vagas-java/issues/1335
1334,[Remoto] Desenvolvedor Java | Envolti Sistemas,Não informado,Não informado,Não informado,Não informado,Brasil,,closed,2022-03-30,https://github.com/soujava/vagas-java/issues/1334
1333,[100% remoto/Brasil] Fullstack Java/React Pleno e Sênior em BRQ Digital Solutions,Não informado,Não informado,Não informado,Não informado,Brasil,,closed,2022-03-25,https://github.com/soujava/vagas-java/issues/1333
1332,[REMOTO] Desenvolvedor Java PL | Deliver IT,Não informado,Não informado,Não informado,Não informado,Brasil,,closed,2022-03-25,https://github.com/soujava/vagas-java/issues/1332
1331,[Remoto] Desenvolvedor(a) Backend Java (Big Data) | Improving,Não informado,Não informado,Não informado,Não informado,Brasil,,closed,2022-03-24,https://github.com/soujava/vagas-java/issues/1331
1330,[Cidade] Pessoa Desenvolvedora Kotlin @ DB1 GROUP,DB1 GROUP,Não informado,Não informado,Não informado,Brasil,,closed,2022-03-23,https://github.com/soujava/vagas-java/issues/1330
1329,[100% Remoto] Pessoa Desenvolvedora Java Sênior @ DB1 Group - Unidade ANYMARKET,DB1 Group - Unidade ANYMARKET,Não informado,Não informado,Não informado,Brasil,,closed,2022-03-23,https://github.com/soujava/vagas-java/issues/1329
1328,[100% Remoto] Pessoa Desenvolvedora Java Pleno @ DB1 Group,DB1 Group,Não informado,Não informado,Não informado,Brasil,,closed,2022-03-23,https://github.com/soujava/vagas-java/issues/1328
1327,[REMOTO] Desenvolvedor Backend JAVA (Pleno e Sênior) | ACCT Global,Não informado,Não informado,Não informado,Não informado,Brasil,,closed,2022-03-23,https://github.com/soujava/vagas-java/issues/1327
1326,[Remoto] Desenvolvedor Java Pleno [Instituto Nacional de Telecomunicações - Inatel],Instituto Nacional de Telecomunicações - Inatel,Não informado,Não informado,Não informado,Brasil,,closed,2022-03-23,https://github.com/soujava/vagas-java/issues/1326
1325,[Remote] Desenvolvedor Java | Jobsity,Não informado,Não informado,Não informado,Não informado,Brasil,,closed,2022-03-21,https://github.com/soujava/vagas-java/issues/1325
1324,[Remoto] Java Developer na CuboConnect,CuboConnect,Não informado,Não informado,Não informado,Brasil,,closed,2022-03-18,https://github.com/soujava/vagas-java/issues/1324
1323,[Remoto] Backend Java Developer na FINBOOSTER,FINBOOSTER,Não informado,Não informado,Não informado,Brasil,,closed,2022-03-18,https://github.com/soujava/vagas-java/issues/1323
1322,[FECHADA] [Barueri] Analista de Sistemas Java na ASSESSO,ASSESSO,Não informado,Não informado,Não informado,Brasil,,closed,2022-03-17,https://github.com/soujava/vagas-java/issues/1322
1321,"[São Paulo, SP, Híbrido] Fullstack Sênior | BR Mendes",Não informado,Não informado,Não informado,Não informado,Brasil,,closed,2022-03-17,https://github.com/soujava/vagas-java/issues/1321
1320,"[Curitiba, Paraná] FullStack (Anywhere) | Escola Conquer",Não informado,Não informado,Não informado,Não informado,Brasil,,closed,2022-03-16,https://github.com/soujava/vagas-java/issues/1320
1319,[REMOTO/SÃO PAULO] Java Developer na @BRQ Digital Solutions,@BRQ Digital Solutions,Não informado,Não informado,Não informado,Brasil,,closed,2022-03-15,https://github.com/soujava/vagas-java/issues/1319
1318,[Remoto] Java Developer (Pleno) na Veolia,Veolia,Não informado,Não informado,Não informado,Brasil,,closed,2022-03-14,https://github.com/soujava/vagas-java/issues/1318
1317,[Remoto] Backend Java Developer  na Linked RH,Linked RH,Não informado,Não informado,Não informado,Brasil,,closed,2022-03-14,https://github.com/soujava/vagas-java/issues/1317
1316,[Remoto] Senior Java Developer | Builders,Não informado,Não informado,Não informado,Não informado,Brasil,,closed,2022-03-14,https://github.com/soujava/vagas-java/issues/1316
1315,[Home Office] Desenvolvedor Java BackEnd - Especialista | Soluevo,Não informado,Não informado,Não informado,Não informado,Brasil,,closed,2022-03-11,https://github.com/soujava/vagas-java/issues/1315
1314,[Remoto]  Systems Analyst na Veolia,Veolia,Não informado,Não informado,Não informado,Brasil,,closed,2022-03-10,https://github.com/soujava/vagas-java/issues/1314
1313,[Remote + U$D ] Java Developer @Jobsity 🔮 ,Não informado,Não informado,Não informado,Não informado,Brasil,,closed,2022-03-10,https://github.com/soujava/vagas-java/issues/1313
1312,[Remoto] Backend Java Developer  na GIC Brasil,GIC Brasil,Não informado,Não informado,Não informado,Brasil,,closed,2022-03-09,https://github.com/soujava/vagas-java/issues/1312
1311,[Remoto] Fullstack Java Developer na Veolia,Veolia,Não informado,Não informado,Não informado,Brasil,,closed,2022-03-09,https://github.com/soujava/vagas-java/issues/1311
1310,[Remoto] Java Developer (pleno) na Veolia,Veolia,Não informado,Não informado,Não informado,Brasil,,closed,2022-03-08,https://github.com/soujava/vagas-java/issues/1310
1309,[Remoto] Java Developer (Sênior) na Veolia,Veolia,Não informado,Não informado,Não informado,Brasil,,closed,2022-03-08,https://github.com/soujava/vagas-java/issues/1309
1308,[Remoto] Pessoa Desenvolvedora Backend SR/ESPEC | IFood,Não informado,Não informado,Não informado,Não informado,Brasil,,closed,2022-03-08,https://github.com/soujava/vagas-java/issues/1308
1307,[Remoto] Desenvolvedor(a) Backend Java | Improving,Não informado,Não informado,Não informado,Não informado,Brasil,,closed,2022-03-08,https://github.com/soujava/vagas-java/issues/1307
1306,[Remoto] Java Developers @Robert Half,Robert Half,Não informado,Não informado,Não informado,Brasil,,closed,2022-03-07,https://github.com/soujava/vagas-java/issues/1306
1305,[Remoto] Backend Software Engineer @ will bank,will bank,Não informado,Não informado,Não informado,Brasil,,closed,2022-03-07,https://github.com/soujava/vagas-java/issues/1305
1304,[Remoto] Fullstack Software Developer na Pixida do Brasil,Pixida do Brasil,Não informado,Não informado,Não informado,Brasil,,closed,2022-03-04,https://github.com/soujava/vagas-java/issues/1304
1300,[Remoto] Desenvolvedor Java Junior e Pleno,Não informado,Não informado,Não informado,Não informado,Brasil,,closed,2022-02-25,https://github.com/soujava/vagas-java/issues/1300
1299,[Remoto] Backend Engineer (Java /.NET) | Kobe - Creative Software House ,Creative Software House,Não informado,Não informado,Não informado,Brasil,,closed,2022-02-25,https://github.com/soujava/vagas-java/issues/1299
1298,[Remoto] Tech Lead (Java) na Tatic,Tatic,Não informado,Não informado,Não informado,Brasil,,closed,2022-02-23,https://github.com/soujava/vagas-java/issues/1298
1297,[Remoto] Mid-level/Senior Java Developer | Builders,Não informado,Não informado,Não informado,Não informado,Brasil,,closed,2022-02-23,https://github.com/soujava/vagas-java/issues/1297
1296,[Remoto] Tech Lead (Java) na Tatic,Tatic,Não informado,Não informado,Não informado,Brasil,,closed,2022-02-22,https://github.com/soujava/vagas-java/issues/1296
1295,[Remoto] Desenvolvedor back-end Java Pleno| Roga Labs,Não informado,Não informado,Não informado,Não informado,Brasil,,closed,2022-02-22,https://github.com/soujava/vagas-java/issues/1295
1294,[Remoto] Desenvolvedor(a) Backend Java (Big Data) | Improving,Não informado,Não informado,Não informado,Não informado,Brasil,,closed,2022-02-22,https://github.com/soujava/vagas-java/issues/1294
1293,[Remoto] Java/Kotlin Developer Senior e Pleno @Robert Half,Robert Half,Não informado,Não informado,Não informado,Brasil,,closed,2022-02-21,https://github.com/soujava/vagas-java/issues/1293
1292,[Joinville / Remoto] Desenvolvedor Backend Sênior - Java | Zitrus Healthtech,Não informado,Não informado,Não informado,Não informado,Brasil,,closed,2022-02-21,https://github.com/soujava/vagas-java/issues/1292
1288,[Remote] Desenvolvedor Java | Jobsity,Não informado,Não informado,Não informado,Não informado,Brasil,,closed,2022-02-18,https://github.com/soujava/vagas-java/issues/1288
1287,[Remoto] Java Developer (Sênior) na Flexdoc Tecnologia da Informação,Flexdoc Tecnologia da Informação,Não informado,Não informado,Não informado,Brasil,,closed,2022-02-18,https://github.com/soujava/vagas-java/issues/1287
1285,[Remoto] Backend Software Engineer @ will bank,will bank,Não informado,Não informado,Não informado,Brasil,,closed,2022-02-17,https://github.com/soujava/vagas-java/issues/1285
1284,[REMOTO FOREVER] Java Developer | @dqrtech,dqrtech,Não informado,Não informado,Não informado,Brasil,,closed,2022-02-16,https://github.com/soujava/vagas-java/issues/1284
1283,[ REMOTO ] Desenvolvedor Java | Mirante Tecnologia ,Não informado,Não informado,Não informado,Não informado,Brasil,,closed,2022-02-16,https://github.com/soujava/vagas-java/issues/1283
1282,[Remoto] Java Analyst na CuboConnect,CuboConnect,Não informado,Não informado,Não informado,Brasil,,closed,2022-02-15,https://github.com/soujava/vagas-java/issues/1282
1281,Analista Java Sr. Back end,Não informado,Não informado,Não informado,Não informado,Brasil,,closed,2022-02-14,https://github.com/soujava/vagas-java/issues/1281
1280,[Remote] Desenvolvedor Java Júnior e Pleno na Totvs ,Totvs ,Não informado,Não informado,Não informado,Brasil,,closed,2022-02-14,https://github.com/soujava/vagas-java/issues/1280
1278,[Remoto] Java Tech Lead | Builders,Não informado,Não informado,Não informado,Não informado,Brasil,,closed,2022-02-11,https://github.com/soujava/vagas-java/issues/1278
1277,[Remoto] Java Solutions Architect [Builders] ,Builders,Não informado,Não informado,Não informado,Brasil,,closed,2022-02-11,https://github.com/soujava/vagas-java/issues/1277
1276,"[Curitiba, Paraná] Desenvolvedor Java Pleno | AUTOMTECH ",Não informado,Não informado,Não informado,Não informado,Brasil,,closed,2022-02-11,https://github.com/soujava/vagas-java/issues/1276
1274,[Remoto] Desenvolvedor Java | Stefanini,Não informado,Não informado,Não informado,Não informado,Brasil,,closed,2022-02-09,https://github.com/soujava/vagas-java/issues/1274
1273,[Remoto] Desenvolvedor Java | Stefanini,Não informado,Não informado,Não informado,Não informado,Brasil,,closed,2022-02-09,https://github.com/soujava/vagas-java/issues/1273
1272,[Remoto] Java Back-End Engineer na @Trustly,@Trustly,Não informado,Não informado,Não informado,Brasil,,closed,2022-02-08,https://github.com/soujava/vagas-java/issues/1272
1271,[Remoto] Senior Java Software Engineer @AmbizzionIT,AmbizzionIT,Não informado,Não informado,Não informado,Brasil,,closed,2022-02-08,https://github.com/soujava/vagas-java/issues/1271
1270,[Híbrido São Paulo/SP] Desenvolvedor Java Spring Cloud (Pleno e Sênior) | Avanade (joint venture Accenture e Microsoft),Não informado,Não informado,Não informado,Não informado,Brasil,,closed,2022-02-07,https://github.com/soujava/vagas-java/issues/1270
1266,"[Araçatuba, São Paulo - REMOTO] Desenvolvedor Java | Grupo Acert",Não informado,Não informado,Não informado,Não informado,Brasil,,closed,2022-02-05,https://github.com/soujava/vagas-java/issues/1266
1265,[Remoto] Software Architect na Veolia,Veolia,Não informado,Não informado,Não informado,Brasil,,closed,2022-02-04,https://github.com/soujava/vagas-java/issues/1265
1264,[Remoto] Java Developer (Sênior) na Veolia,Veolia,Não informado,Não informado,Não informado,Brasil,,closed,2022-02-04,https://github.com/soujava/vagas-java/issues/1264
1263,[Remoto] Desenvolvedor(a) Backend Java | Improving,Não informado,Não informado,Não informado,Não informado,Brasil,,closed,2022-02-04,https://github.com/soujava/vagas-java/issues/1263
1262,[Remoto] Pessoa Engenheira de Software Backend na Cora,Cora,Não informado,Não informado,Não informado,Brasil,,closed,2022-02-03,https://github.com/soujava/vagas-java/issues/1262
1261,[Remoto] Especialista Backend Java no Grupo Boticário,Não informado,Não informado,Não informado,Não informado,Brasil,,closed,2022-02-03,https://github.com/soujava/vagas-java/issues/1261
1260,[Remoto] Desenvolvedor(a) Fullstack na Digix,Digix,Não informado,Não informado,Não informado,Brasil,,closed,2022-02-03,https://github.com/soujava/vagas-java/issues/1260
1259,"[Porto Alegre, Rio Grande do Sul] Pessoa Desenvolvedora Java Júnior e/ou Pleno | Muv Recursos Humanos",Não informado,Não informado,Não informado,Não informado,Brasil,,closed,2022-02-03,https://github.com/soujava/vagas-java/issues/1259
1258,[Remoto] Desenvolvedor Java SR | Stefanini,Não informado,Não informado,Não informado,Não informado,Brasil,,closed,2022-02-02,https://github.com/soujava/vagas-java/issues/1258
1257,[Remoto] Java Software Engineer Pleno e Sênior | TAL Group,Não informado,Não informado,Não informado,Não informado,Brasil,,closed,2022-02-02,https://github.com/soujava/vagas-java/issues/1257
1256,[Remoto ou SP/Horário Flexível] Engenheiro de Software Sênior | SuperSim,Não informado,Não informado,Não informado,Não informado,Brasil,,closed,2022-02-01,https://github.com/soujava/vagas-java/issues/1256
1255,[Remoto ou SP/Horário Flexível] Engenheiro de Software Pleno | SuperSim,Não informado,Não informado,Não informado,Não informado,Brasil,,closed,2022-02-01,https://github.com/soujava/vagas-java/issues/1255
1254,[Remoto | São Paulo- SP] Dev-Java PL/SR | Tech For TI,Não informado,Não informado,Não informado,Não informado,Brasil,,closed,2022-02-01,https://github.com/soujava/vagas-java/issues/1254
1253,"[São Paulo, SP / São Carlos, SP / Remoto, BR] Back-End Developer | AMDOCS",Não informado,Não informado,Não informado,Não informado,Brasil,,closed,2022-01-28,https://github.com/soujava/vagas-java/issues/1253
1252,"[Remoto, BR] Back-End Developer Specialist | AMDOCS",Não informado,Não informado,Não informado,Não informado,Brasil,,closed,2022-01-28,https://github.com/soujava/vagas-java/issues/1252
1251,[Remote- Latin America Only] Desenvolvedor Java | Jobsity,Não informado,Não informado,Não informado,Não informado,Brasil,,closed,2022-01-27,https://github.com/soujava/vagas-java/issues/1251
1250,[Remoto] Desenvolvedor Java Backend @Inatel,Inatel,Não informado,Não informado,Não informado,Brasil,,closed,2022-01-27,https://github.com/soujava/vagas-java/issues/1250
1249,Desenvolvedor Java Pleno,Não informado,Não informado,Não informado,Não informado,Brasil,,closed,2022-01-27,https://github.com/soujava/vagas-java/issues/1249
1248,[Remoto][Sênior][Especialista] Backend Developer na Movile Pay,Movile Pay,Não informado,Não informado,Não informado,Brasil,,closed,2022-01-26,https://github.com/soujava/vagas-java/issues/1248
1247,[Remoto] Senior Data Engineer | XP INC,Não informado,Não informado,Não informado,Não informado,Brasil,,closed,2022-01-26,https://github.com/soujava/vagas-java/issues/1247
1245,[VAGA FECHADA] [Remoto] Back-End Developer / Java Developer @ Birlasoft,Birlasoft,Não informado,Não informado,Não informado,Brasil,,closed,2022-01-21,https://github.com/soujava/vagas-java/issues/1245
1244,[Remoto] Backend Java Developer (Junior) na Dynaccurate,Dynaccurate,Não informado,Não informado,Não informado,Brasil,,closed,2022-01-21,https://github.com/soujava/vagas-java/issues/1244
1243,[Remoto] Desenvolvedor Java Sr | IOB,Não informado,Não informado,Não informado,Não informado,Brasil,,closed,2022-01-21,https://github.com/soujava/vagas-java/issues/1243
1242, Java Developer Senior,Não informado,Não informado,Não informado,Não informado,Brasil,,closed,2022-01-21,https://github.com/soujava/vagas-java/issues/1242
1241,[Remoto] Engenheiro de back-end da equipe @ANYMARKET / Grupo DB1,Não informado,Não informado,Não informado,Não informado,Brasil,,closed,2022-01-21,https://github.com/soujava/vagas-java/issues/1241
1240,[Remoto] Arquiteto(a) de Software @DB1 GROUP / ANYMARKET,Não informado,Não informado,Não informado,Não informado,Brasil,,closed,2022-01-21,https://github.com/soujava/vagas-java/issues/1240
1239,[Remoto] Pessoa Desenvolvedora Java Pleno @DB1 Group e @ANYMARKET,ANYMARKET,Não informado,Não informado,Não informado,Brasil,,closed,2022-01-21,https://github.com/soujava/vagas-java/issues/1239
1238,[Remoto] Pessoa Desenvolvedora Java Sênior @ANYMARKET (em DB1 Group),Não informado,Não informado,Não informado,Não informado,Brasil,,closed,2022-01-21,https://github.com/soujava/vagas-java/issues/1238
1237,[Remoto] Pessoa Desenvolvedora Java Junior @DB1 GROUP,DB1 GROUP,Não informado,Não informado,Não informado,Brasil,,closed,2022-01-21,https://github.com/soujava/vagas-java/issues/1237
1236,[REMOTO] Desenvolvedor Java | Eleflow ,Não informado,Não informado,Não informado,Não informado,Brasil,,closed,2022-01-20,https://github.com/soujava/vagas-java/issues/1236
1235,[REMOTO] - Desenvolvedor Java ,Desenvolvedor Java,Não informado,Não informado,Não informado,Brasil,,closed,2022-01-20,https://github.com/soujava/vagas-java/issues/1235
1234,[Remoto] Backend Software Engineer @ will bank,will bank,Não informado,Não informado,Não informado,Brasil,,closed,2022-01-20,https://github.com/soujava/vagas-java/issues/1234
1233,[Remoto] Software Architect na Veolia,Veolia,Não informado,Não informado,Não informado,Brasil,,closed,2022-01-19,https://github.com/soujava/vagas-java/issues/1233
1232,[Remoto] Senior Java Developer | Builders,Não informado,Não informado,Não informado,Não informado,Brasil,,closed,2022-01-18,https://github.com/soujava/vagas-java/issues/1232
1231,[Remoto] Especialista de Sistemas | Raízen,Não informado,Não informado,Não informado,Não informado,Brasil,,closed,2022-01-17,https://github.com/soujava/vagas-java/issues/1231
1230,[Remoto] Desenvolvedor(a) Backend Java (Big Data) | Improving,Não informado,Não informado,Não informado,Não informado,Brasil,,closed,2022-01-14,https://github.com/soujava/vagas-java/issues/1230
1229,[Remoto] Java Developer (Sênior) na Veolia,Veolia,Não informado,Não informado,Não informado,Brasil,,closed,2022-01-14,https://github.com/soujava/vagas-java/issues/1229
1228,[Remoto] Desenvolvedor Java  14k | Sellers Fintech,Não informado,Não informado,Não informado,Não informado,Brasil,,closed,2022-01-14,https://github.com/soujava/vagas-java/issues/1228
1227,[Remoto] Pessoa produtora de conteúdo educacional | Java | Freelancer (20h semanais) | Trybe,Não informado,Não informado,Não informado,Não informado,Brasil,,closed,2022-01-13,https://github.com/soujava/vagas-java/issues/1227
1225,[Java] [Pleno | Sênior] Dev. Java e Spring boot [Remoto] [Datum TI 🚀💜] ,Não informado,Não informado,Não informado,Não informado,Brasil,,closed,2022-01-12,https://github.com/soujava/vagas-java/issues/1225
1224,[Remote] Engenheiro de Software | @100 Open Startups,100 Open Startups,Não informado,Não informado,Não informado,Brasil,,closed,2022-01-12,https://github.com/soujava/vagas-java/issues/1224
1223,[Remoto] FullStack Java/React Developer na Samba Tech,Samba Tech,Não informado,Não informado,Não informado,Brasil,,closed,2022-01-12,https://github.com/soujava/vagas-java/issues/1223
1222,[Remoto] Pessoa Desenvolvedora Android na Zup Innovation [ByIntera],Zup Innovation [ByIntera,Não informado,Não informado,Não informado,Brasil,,closed,2022-01-12,https://github.com/soujava/vagas-java/issues/1222
1221,[Remoto] Tech Lead Java [Midway],Midway,Não informado,Não informado,Não informado,Brasil,,closed,2022-01-12,https://github.com/soujava/vagas-java/issues/1221
1220,[Remoto] Tech Lead Java [Midway],Midway,Não informado,Não informado,Não informado,Brasil,,closed,2022-01-12,https://github.com/soujava/vagas-java/issues/1220
1219,[100% Home Office] Backend Engineer (Java) @Nuvemshop 🦄💙☁,Não informado,Não informado,Não informado,Não informado,Brasil,,closed,2022-01-12,https://github.com/soujava/vagas-java/issues/1219
1218,[Remota] Tech Lead Java ,Não informado,Não informado,Não informado,Não informado,Brasil,,closed,2022-01-12,https://github.com/soujava/vagas-java/issues/1218
1217,[Remoto] Desenvolvedor Java | Plus-it Tech (Alocação Banco Digital),Não informado,Não informado,Não informado,Não informado,Brasil,,closed,2022-01-12,https://github.com/soujava/vagas-java/issues/1217
1216,[Remoto] Java Programmer na Linked RH,Linked RH,Não informado,Não informado,Não informado,Brasil,,closed,2022-01-11,https://github.com/soujava/vagas-java/issues/1216
1215,[Remoto] Java Developer (Sênior) na Drogaria Araujo,Drogaria Araujo,Não informado,Não informado,Não informado,Brasil,,closed,2022-01-11,https://github.com/soujava/vagas-java/issues/1215
1214,[Remoto] Java Developer (pleno) na Veolia,Veolia,Não informado,Não informado,Não informado,Brasil,,closed,2022-01-11,https://github.com/soujava/vagas-java/issues/1214
1213,[Remoto] Fullstack Developer na Dynaccurate,Dynaccurate,Não informado,Não informado,Não informado,Brasil,,closed,2022-01-11,https://github.com/soujava/vagas-java/issues/1213
1212,[Remoto] Desenvolvedor Fullstack na Dynaccurate,Dynaccurate,Não informado,Não informado,Não informado,Brasil,,closed,2022-01-11,https://github.com/soujava/vagas-java/issues/1212
1211,[Remoto] Java Developer (Pleno) na Drogaria Araujo,Drogaria Araujo,Não informado,Não informado,Não informado,Brasil,,closed,2022-01-11,https://github.com/soujava/vagas-java/issues/1211
1210,[Remoto] Developer Java | ConquestOne,Não informado,Não informado,Não informado,Não informado,Brasil,,closed,2022-01-11,https://github.com/soujava/vagas-java/issues/1210
1209,[Remote] Staff Software Engineer @Evernote,Evernote,Não informado,Não informado,Não informado,Brasil,,closed,2022-01-11,https://github.com/soujava/vagas-java/issues/1209
1208,"[Jundiaí, São Paulo] Tech Lead Java | Grupo CCR",Não informado,Não informado,Não informado,Não informado,Brasil,,closed,2022-01-07,https://github.com/soujava/vagas-java/issues/1208
1207,🎯Oportunidade de #SoftwareEngineer - Integrations Specialist para a #CloudKitchen.,Não informado,Não informado,Não informado,Não informado,Brasil,,closed,2022-01-06,https://github.com/soujava/vagas-java/issues/1207
1206,[REMOTO] Desenvolvedor Java | INEP (Basis) ,Não informado,Não informado,Não informado,Não informado,Brasil,,closed,2022-01-06,https://github.com/soujava/vagas-java/issues/1206
1205,[Remoto] Desenvolvedor(a) Backend Java (Big Data) | Improving,Não informado,Não informado,Não informado,Não informado,Brasil,,closed,2022-01-05,https://github.com/soujava/vagas-java/issues/1205
1204,[Remoto] Desenvolvedor(a) Backend Java | Improving,Não informado,Não informado,Não informado,Não informado,Brasil,,closed,2022-01-04,https://github.com/soujava/vagas-java/issues/1204
1203,[REMOTO] Especialista Java | Movile Pay,Não informado,Não informado,Não informado,Não informado,Brasil,,closed,2022-01-04,https://github.com/soujava/vagas-java/issues/1203
1202,[REMOTO] Tech Lead Java | DATUM I Vem pro planetinha roxo 💜🌟,Não informado,Não informado,Não informado,Não informado,Brasil,,closed,2022-01-03,https://github.com/soujava/vagas-java/issues/1202
1201,[Remotos] Desenvolvedores Java | K2 🔺,Não informado,Não informado,Não informado,Não informado,Brasil,,closed,2021-12-23,https://github.com/soujava/vagas-java/issues/1201
1200,"[Hibrido / Indaiatuba, São Paulo, Brazil] Java Developer na Linked RH",Linked RH,Não informado,Não informado,Não informado,Brasil,,closed,2021-12-22,https://github.com/soujava/vagas-java/issues/1200
1199,[Remoto] Desenvolvedor Java II @inateltecnologias 💙,Não informado,Não informado,Não informado,Não informado,Brasil,,closed,2021-12-22,https://github.com/soujava/vagas-java/issues/1199
1198,[REMOTO] Java Developer | Datum I Vem pro planetinha roxo 💜✨,Não informado,Não informado,Não informado,Não informado,Brasil,,closed,2021-12-21,https://github.com/soujava/vagas-java/issues/1198
1197,[REMOTO] Back-end Java na TQI - Technology and Quality on Information,TQI - Technology and Quality on Information,Não informado,Não informado,Não informado,Brasil,,closed,2021-12-20,https://github.com/soujava/vagas-java/issues/1197
1196,"[Araçatuba, São Paulo - REMOTO] Desenvolvedor Java | Grupo Acert",Não informado,Não informado,Não informado,Não informado,Brasil,,closed,2021-12-20,https://github.com/soujava/vagas-java/issues/1196
1195,[Remoto] Desenvolvedor Java | K2,Não informado,Não informado,Não informado,Não informado,Brasil,,closed,2021-12-20,https://github.com/soujava/vagas-java/issues/1195
1194,[Remoto] Software Architect na Veolia,Veolia,Não informado,Não informado,Não informado,Brasil,,closed,2021-12-17,https://github.com/soujava/vagas-java/issues/1194
1193,[Remoto] Java Developer (sênior) na Veolia,Veolia,Não informado,Não informado,Não informado,Brasil,,closed,2021-12-17,https://github.com/soujava/vagas-java/issues/1193
1192,[Remoto] Java Developer (Sênior) na BePay,BePay,Não informado,Não informado,Não informado,Brasil,,closed,2021-12-17,https://github.com/soujava/vagas-java/issues/1192
1191,[REMOTO] Specialist Arquiteto de Soluções @PROVIDER IT,PROVIDER IT,Não informado,Não informado,Não informado,Brasil,,closed,2021-12-16,https://github.com/soujava/vagas-java/issues/1191
1190,[REMOTO] Back-end Developer no Grupo Gurgel Mix,end Developer no Grupo Gurgel Mix,Não informado,Não informado,Não informado,Brasil,,closed,2021-12-16,https://github.com/soujava/vagas-java/issues/1190
1189,[REMOTO] Desenvolvedor Java II @Inatel 💙,Não informado,Não informado,Não informado,Não informado,Brasil,,closed,2021-12-16,https://github.com/soujava/vagas-java/issues/1189
1188,[REMOTO] Pessoa Desenvolvedora Java Backend @Inatel 💙,Não informado,Não informado,Não informado,Não informado,Brasil,,closed,2021-12-16,https://github.com/soujava/vagas-java/issues/1188
1187,[Remoto] Backend Developer Sênior na Juros Baixos,Juros Baixos,Não informado,Não informado,Não informado,Brasil,,closed,2021-12-16,https://github.com/soujava/vagas-java/issues/1187
1186,BACK END JAVA - SÊNIOR (REMOTO 💻 ) | ⚠️OPORTUNIDADE NA ZUP INNOVATION⚠️,Não informado,Não informado,Não informado,Não informado,Brasil,,closed,2021-12-16,https://github.com/soujava/vagas-java/issues/1186
1185,[REMOTO] Analista Programador Java Sênior | Sysmap,Não informado,Não informado,Não informado,Não informado,Brasil,,closed,2021-12-14,https://github.com/soujava/vagas-java/issues/1185
1184,[Remoto] Senior Java Developer | Builders,Não informado,Não informado,Não informado,Não informado,Brasil,,closed,2021-12-13,https://github.com/soujava/vagas-java/issues/1184
1183,[Remoto] Senior Rest API Developer | Builders,Não informado,Não informado,Não informado,Não informado,Brasil,,closed,2021-12-13,https://github.com/soujava/vagas-java/issues/1183
1182,[REMOTO] Analista Desenvolvedor - Líder Técnico | Sênior | BrasilPrev,Não informado,Não informado,Não informado,Não informado,Brasil,,closed,2021-12-09,https://github.com/soujava/vagas-java/issues/1182
1181,[ATUAÇÃO REMOTA] Desenvolvedor Fullstack Java | DQRTECH,Não informado,Não informado,Não informado,Não informado,Brasil,,closed,2021-12-09,https://github.com/soujava/vagas-java/issues/1181
1180,[ATUAÇÃO REMOTA] Desenvolvedor Backend Java | DQR TECH,Não informado,Não informado,Não informado,Não informado,Brasil,,closed,2021-12-09,https://github.com/soujava/vagas-java/issues/1180
1179,[REMOTO] Desenvolvedor Java/Angular | PROVIDER IT ,Não informado,Não informado,Não informado,Não informado,Brasil,,closed,2021-12-08,https://github.com/soujava/vagas-java/issues/1179
1178,[REMOTO] Desenvolvedor Java/Angular | PROVIDER IT,Não informado,Não informado,Não informado,Não informado,Brasil,,closed,2021-12-08,https://github.com/soujava/vagas-java/issues/1178
1177,[REMOTO] Desenvolvedor Java/Angular | PROVIDER IT,Não informado,Não informado,Não informado,Não informado,Brasil,,closed,2021-12-08,https://github.com/soujava/vagas-java/issues/1177
1176,[REMOTO] Desenvolvedor Java Back-end | PROVIDER IT,Não informado,Não informado,Não informado,Não informado,Brasil,,closed,2021-12-08,https://github.com/soujava/vagas-java/issues/1176
1175,[REMOTO] Desenvolvedor Java Fullstack | PROVIDER IT,Não informado,Não informado,Não informado,Não informado,Brasil,,closed,2021-12-08,https://github.com/soujava/vagas-java/issues/1175
1174,[REMOTO] Desenvolvedor Java Back End / GCP | PROVIDER IT,Não informado,Não informado,Não informado,Não informado,Brasil,,closed,2021-12-08,https://github.com/soujava/vagas-java/issues/1174
1173,Home Office - Dev. Java | CWI Software,Não informado,Não informado,Não informado,Não informado,Brasil,,closed,2021-12-07,https://github.com/soujava/vagas-java/issues/1173
1172,[REMOTO] Java Developer na @Trustly ,@Trustly ,Não informado,Não informado,Não informado,Brasil,,closed,2021-12-07,https://github.com/soujava/vagas-java/issues/1172
1171,[REMOTO] Pessoa Desenvolvedora Back-end | Squad Core @Contabilizei [ByIntera] 🚀,Não informado,Não informado,Não informado,Não informado,Brasil,,closed,2021-12-06,https://github.com/soujava/vagas-java/issues/1171
1170,[Remoto] Tech Lead Java | Builders,Não informado,Não informado,Não informado,Não informado,Brasil,,closed,2021-12-06,https://github.com/soujava/vagas-java/issues/1170
1169,[Remoto] Desenvolvedor Java Sênior | Builders ,Não informado,Não informado,Não informado,Não informado,Brasil,,closed,2021-12-06,https://github.com/soujava/vagas-java/issues/1169
1168,[Remoto] Java Developer (Pleno) na BePay,BePay,Não informado,Não informado,Não informado,Brasil,,closed,2021-12-03,https://github.com/soujava/vagas-java/issues/1168
1167,[Remoto] Java Developer (pleno) na Veolia,Veolia,Não informado,Não informado,Não informado,Brasil,,closed,2021-12-03,https://github.com/soujava/vagas-java/issues/1167
1166,[Remoto] Arquiteto(a) de Software na Veolia,Veolia,Não informado,Não informado,Não informado,Brasil,,closed,2021-12-03,https://github.com/soujava/vagas-java/issues/1166
1165,[Remoto] Pessoa Desenvolvedora Java/Kotlin ( Nível Pleno/Sênior)  na ateliware,ateliware,Não informado,Não informado,Não informado,Brasil,,closed,2021-12-02,https://github.com/soujava/vagas-java/issues/1165
1164,[Remoto][Sênior][Especialista] Backend Developer na Movile Pay,Movile Pay,Não informado,Não informado,Não informado,Brasil,,closed,2021-12-02,https://github.com/soujava/vagas-java/issues/1164
1163,"[São Paulo, SP] Engenheiro de Software Pleno (CLT | Remoto/Presencial) | SuperSim",Não informado,Não informado,Não informado,Não informado,Brasil,,closed,2021-11-30,https://github.com/soujava/vagas-java/issues/1163
1162,[Sao Paulo] Software Engineer| Cloud Kitchen,Não informado,Não informado,Não informado,Não informado,Brasil,,closed,2021-11-30,https://github.com/soujava/vagas-java/issues/1162
1161,[Remoto] Desenvolvedor(a) Backend Java | Improving,Não informado,Não informado,Não informado,Não informado,Brasil,,closed,2021-11-30,https://github.com/soujava/vagas-java/issues/1161
1160,[REMOTO] Senior Java Developer [BUILDERS],BUILDERS,Não informado,Não informado,Não informado,Brasil,,closed,2021-11-29,https://github.com/soujava/vagas-java/issues/1160
1159,[Remoto] Pessoa produtora de conteúdo educacional | Java | Freelancer (20h semanais)| Trybe,Não informado,Não informado,Não informado,Não informado,Brasil,,closed,2021-11-29,https://github.com/soujava/vagas-java/issues/1159
1158,[Remoto] Desenvolvedor(a) Backend Java (Big Data) | Improving,Não informado,Não informado,Não informado,Não informado,Brasil,,closed,2021-11-29,https://github.com/soujava/vagas-java/issues/1158
1157,[Remoto] Back-end Java Developer @AMcom,AMcom,Não informado,Não informado,Não informado,Brasil,,closed,2021-11-26,https://github.com/soujava/vagas-java/issues/1157
1156,[REMOTO] Analista de Desenvolvimentos JAVA 8 na CAIXA VIDA E PREVIDÊNCIA,CAIXA VIDA E PREVIDÊNCIA,Não informado,Não informado,Não informado,Brasil,,closed,2021-11-25,https://github.com/soujava/vagas-java/issues/1156
1155,[Híbrido- São Paulo] Java Back end Developer Pleno ou Sênior em BRQ Digital Solutions,Não informado,Não informado,Não informado,Não informado,Brasil,,closed,2021-11-25,https://github.com/soujava/vagas-java/issues/1155
1154,[São Paulo] Desenvolvedor Java Pleno| K2,Não informado,Não informado,Não informado,Não informado,Brasil,,closed,2021-11-23,https://github.com/soujava/vagas-java/issues/1154
1153,[São Paulo] Dev BackEnd Java SR | K2,Não informado,Não informado,Não informado,Não informado,Brasil,,closed,2021-11-22,https://github.com/soujava/vagas-java/issues/1153
1152,[Remoto] Sotware Architect Senior Java | CI&T,Não informado,Não informado,Não informado,Não informado,Brasil,,closed,2021-11-22,https://github.com/soujava/vagas-java/issues/1152
1151,[Remoto] Desenvolvedor Java | K2,Não informado,Não informado,Não informado,Não informado,Brasil,,closed,2021-11-19,https://github.com/soujava/vagas-java/issues/1151
1150,[Remoto] Desenvolvedor Java Pl | Padtec ,Não informado,Não informado,Não informado,Não informado,Brasil,,closed,2021-11-18,https://github.com/soujava/vagas-java/issues/1150
1149,[Indaiatuba-SP] Java Software Architect na Linked RH,Linked RH,Não informado,Não informado,Não informado,Brasil,,closed,2021-11-18,https://github.com/soujava/vagas-java/issues/1149
1148,Remoto Desenvolvedor Java Pleno | NTCONSULT,Não informado,Não informado,Não informado,Não informado,Brasil,,closed,2021-11-17,https://github.com/soujava/vagas-java/issues/1148
1147,[Remoto] Java Software Architect | CI&T,Não informado,Não informado,Não informado,Não informado,Brasil,,closed,2021-11-17,https://github.com/soujava/vagas-java/issues/1147
1146,[Remoto] Desenvolvedor Java | Will Bank,Não informado,Não informado,Não informado,Não informado,Brasil,,closed,2021-11-17,https://github.com/soujava/vagas-java/issues/1146
1145,[Remoto] Software Developer na SmarttBot,SmarttBot,Não informado,Não informado,Não informado,Brasil,,closed,2021-11-17,https://github.com/soujava/vagas-java/issues/1145
1144,[Remoto] Java Developer (Sênior) na BePay,BePay,Não informado,Não informado,Não informado,Brasil,,closed,2021-11-12,https://github.com/soujava/vagas-java/issues/1144
1143,[Remoto] Java Developer (Pleno) na BePay,BePay,Não informado,Não informado,Não informado,Brasil,,closed,2021-11-12,https://github.com/soujava/vagas-java/issues/1143
1142,São Paulo | Desenvolvedor Full Stack Java | Accesstage,Não informado,Não informado,Não informado,Não informado,Brasil,,closed,2021-11-10,https://github.com/soujava/vagas-java/issues/1142
1141,Homeoffice | Desenvolvedor Back End Senior | Mercado Livre,Não informado,Não informado,Não informado,Não informado,Brasil,,closed,2021-11-09,https://github.com/soujava/vagas-java/issues/1141
1140,[Remoto] Desenvolvedor Java Sênior | PicPay,Não informado,Não informado,Não informado,Não informado,Brasil,,closed,2021-11-09,https://github.com/soujava/vagas-java/issues/1140
1139,[Remoto] Desenvolvedor Java Quarkus | Coopersystem,Não informado,Não informado,Não informado,Não informado,Brasil,,closed,2021-11-08,https://github.com/soujava/vagas-java/issues/1139
1138,Java Developer,Não informado,Não informado,Não informado,Não informado,Brasil,,closed,2021-11-05,https://github.com/soujava/vagas-java/issues/1138
1137,[Remoto] Desenvolvedor Java | Americanas  [ByIntera],ByIntera,Não informado,Não informado,Não informado,Brasil,,closed,2021-11-04,https://github.com/soujava/vagas-java/issues/1137
1136,"[Hibrido / Barueri, São Paulo, Brazil] Java Developer (Sênior) na BePay",BePay,Não informado,Não informado,Não informado,Brasil,,closed,2021-11-04,https://github.com/soujava/vagas-java/issues/1136
1135,"[Hibrido / Barueri, São Paulo, Brazil] Java Developer (Pleno) na BePay",BePay,Não informado,Não informado,Não informado,Brasil,,closed,2021-11-04,https://github.com/soujava/vagas-java/issues/1135
1134,[Remoto][Pleno][Sênior][Especialista] Backend Developer na Movile Pay,Movile Pay,Não informado,Não informado,Não informado,Brasil,,closed,2021-11-01,https://github.com/soujava/vagas-java/issues/1134
1133,[100%remoto] Desenvolvedor Java | Alterdata Software,Não informado,Não informado,Não informado,Não informado,Brasil,,closed,2021-10-29,https://github.com/soujava/vagas-java/issues/1133
1132,[100% REMOTO] [Desenvolvedor(a) Fullstack Pleno - Escola Conquer],Não informado,Não informado,Não informado,Não informado,Brasil,,closed,2021-10-29,https://github.com/soujava/vagas-java/issues/1132
1131,[100% Remoto] Desenvolvedor Backend| @ZOOP,ZOOP,Não informado,Não informado,Não informado,Brasil,,closed,2021-10-27,https://github.com/soujava/vagas-java/issues/1131
1130,Analista Programador Java ,Não informado,Não informado,Não informado,Não informado,Brasil,,closed,2021-10-26,https://github.com/soujava/vagas-java/issues/1130
1129,[Remoto] Desenvolvedor Java/Kotlin - Sênior/Especialista | Zup Innovation,Não informado,Não informado,Não informado,Não informado,Brasil,,closed,2021-10-26,https://github.com/soujava/vagas-java/issues/1129
1128,[REMOTO] Pessoa Desenvolvedora Java/Kotlin Sênior/Especialista | Zup Innovation,Não informado,Não informado,Não informado,Não informado,Brasil,,closed,2021-10-25,https://github.com/soujava/vagas-java/issues/1128
1127,[Remoto] Full-Stack Developer na ASAP Log,ASAP Log,Não informado,Não informado,Não informado,Brasil,,closed,2021-10-23,https://github.com/soujava/vagas-java/issues/1127
1126,[Remoto] Back-End Java Developer na ASAP Log,ASAP Log,Não informado,Não informado,Não informado,Brasil,,closed,2021-10-23,https://github.com/soujava/vagas-java/issues/1126
1125,[REMOTO] DESENVOLVEDOR(A) JAVA PLENO - EM @DB1GROUP,DB1GROUP,Não informado,Não informado,Não informado,Brasil,,closed,2021-10-21,https://github.com/soujava/vagas-java/issues/1125
1124,[REMOTO] DESENVOLVEDOR(A) JAVA SÊNIOR - EM @DB1 GROUP,DB1 GROUP,Não informado,Não informado,Não informado,Brasil,,closed,2021-10-21,https://github.com/soujava/vagas-java/issues/1124
1123,[REMOTO] Tech Lead (Java) - EM DB1 GROUP,EM DB1 GROUP,Não informado,Não informado,Não informado,Brasil,,closed,2021-10-21,https://github.com/soujava/vagas-java/issues/1123
1122,[Remoto} Sênior Java Software Engineer - Concrete Of Part Accenture.,Concrete Of Part Accenture.,Não informado,Não informado,Não informado,Brasil,,closed,2021-10-21,https://github.com/soujava/vagas-java/issues/1122
1121,[HOME OFFICE] Desenvolvedor Java FullStack Sênior | Provider IT ,Não informado,Não informado,Não informado,Não informado,Brasil,,closed,2021-10-21,https://github.com/soujava/vagas-java/issues/1121
1120,[Home Office] Desenvolvedor Java | Provider IT ,Não informado,Não informado,Não informado,Não informado,Brasil,,closed,2021-10-21,https://github.com/soujava/vagas-java/issues/1120
1119,[Remoto] Desenvolvedor(a) Backend Java (Big Data) | Improving,Não informado,Não informado,Não informado,Não informado,Brasil,,closed,2021-10-21,https://github.com/soujava/vagas-java/issues/1119
1118,[REMOTO] Arquiteto de Software | no INTER,Não informado,Não informado,Não informado,Não informado,Brasil,,closed,2021-10-20,https://github.com/soujava/vagas-java/issues/1118
1117,[REMOTO][JÚNIOR][PLENO][SÊNIOR] Backend Developer na Quanto,Quanto,Não informado,Não informado,Não informado,Brasil,,closed,2021-10-20,https://github.com/soujava/vagas-java/issues/1117
1116,[REMOTO] Java Developer Pleno na Akross,Akross,Não informado,Não informado,Não informado,Brasil,,closed,2021-10-20,https://github.com/soujava/vagas-java/issues/1116
1115,[REMOTO] Tech Lead Java Developer @ Zup Innovation,Zup Innovation,Não informado,Não informado,Não informado,Brasil,,closed,2021-10-19,https://github.com/soujava/vagas-java/issues/1115
1114,[Remoto] Backend Developer na Juros Baixos,Juros Baixos,Não informado,Não informado,Não informado,Brasil,,closed,2021-10-19,https://github.com/soujava/vagas-java/issues/1114
1113,[Remoto] Fullstack  Developer na Polis - Sistema de gestão e automação,Polis - Sistema de gestão e automação,Não informado,Não informado,Não informado,Brasil,,closed,2021-10-18,https://github.com/soujava/vagas-java/issues/1113
1112,[Remoto] Java Developer na Veolia,Veolia,Não informado,Não informado,Não informado,Brasil,,closed,2021-10-18,https://github.com/soujava/vagas-java/issues/1112
1111,[Remoto] Desenvolvedor Java Web Pleno | REM SOFT SISTEMAS,Não informado,Não informado,Não informado,Não informado,Brasil,,closed,2021-10-15,https://github.com/soujava/vagas-java/issues/1111
1110,[REMOTO][JÚNIOR][PLENO][SÊNIOR] Backend Developer na Quanto,Quanto,Não informado,Não informado,Não informado,Brasil,,closed,2021-10-14,https://github.com/soujava/vagas-java/issues/1110
1109,[REMOTO] DESENVOLVEDOR(A) JAVA PLENO - EM @DB1GROUP,DB1GROUP,Não informado,Não informado,Não informado,Brasil,,closed,2021-10-14,https://github.com/soujava/vagas-java/issues/1109
1108,[REMOTO] DESENVOLVEDOR(A) JAVA SÊNIOR - EM @DB1 GROUP,DB1 GROUP,Não informado,Não informado,Não informado,Brasil,,closed,2021-10-14,https://github.com/soujava/vagas-java/issues/1108
1107,[REMOTO] Tech Lead (Java) - EM DB1 GROUP,EM DB1 GROUP,Não informado,Não informado,Não informado,Brasil,,closed,2021-10-14,https://github.com/soujava/vagas-java/issues/1107
1106,[Remoto] Backend Developer na Juros Baixos,Juros Baixos,Não informado,Não informado,Não informado,Brasil,,closed,2021-10-13,https://github.com/soujava/vagas-java/issues/1106
1105,[Remoto] Fullstacker Developer na Polis - Sistema de gestão e automação,Polis - Sistema de gestão e automação,Não informado,Não informado,Não informado,Brasil,,closed,2021-10-13,https://github.com/soujava/vagas-java/issues/1105
1104,Projeto internacional Java remoto Brasil/Portugal ,Não informado,Não informado,Não informado,Não informado,Brasil,,closed,2021-10-11,https://github.com/soujava/vagas-java/issues/1104
1103,[Remoto] Mobile Android Developer na Speedy,Speedy,Não informado,Não informado,Não informado,Brasil,,closed,2021-10-08,https://github.com/soujava/vagas-java/issues/1103
1102,[Remoto] Java Developer na Tatic,Tatic,Não informado,Não informado,Não informado,Brasil,,closed,2021-10-08,https://github.com/soujava/vagas-java/issues/1102
1101,Desenvolvedores Java,Não informado,Não informado,Não informado,Não informado,Brasil,,closed,2021-10-08,https://github.com/soujava/vagas-java/issues/1101
1100,[Remoto] Java Developer na idwall,idwall,Não informado,Não informado,Não informado,Brasil,,closed,2021-10-08,https://github.com/soujava/vagas-java/issues/1100
1099,[Remoto] Java Developer na idwall,idwall,Não informado,Não informado,Não informado,Brasil,,closed,2021-10-08,https://github.com/soujava/vagas-java/issues/1099
1098,"[Sao Paulo, SP] Desenvolvedor Java Sênior",Não informado,Não informado,Não informado,Não informado,Brasil,,closed,2021-10-08,https://github.com/soujava/vagas-java/issues/1098
1097,[REMOTO][JÚNIOR][PLENO][SÊNIOR] Backend Developer na Quanto,Quanto,Não informado,Não informado,Não informado,Brasil,,closed,2021-10-06,https://github.com/soujava/vagas-java/issues/1097
1096,[Remoto] Full-Stack/Techlead Developer | BikeHero,Não informado,Não informado,Não informado,Não informado,Brasil,,closed,2021-10-04,https://github.com/soujava/vagas-java/issues/1096
1095,[REMOTO] Java Senior Developer | Builders,Não informado,Não informado,Não informado,Não informado,Brasil,,closed,2021-10-01,https://github.com/soujava/vagas-java/issues/1095
1094,[REMOTO] Desenvolvedor Java | Wunderman Thompson Technology Brasil,Não informado,Não informado,Não informado,Não informado,Brasil,,closed,2021-10-01,https://github.com/soujava/vagas-java/issues/1094
1093,[Home-Office] Java Developer | @Stefanini,Stefanini,Não informado,Não informado,Não informado,Brasil,,closed,2021-10-01,https://github.com/soujava/vagas-java/issues/1093
1092,[Remoto] Desenvolvedor Java | Bionexo,Não informado,Não informado,Não informado,Não informado,Brasil,,closed,2021-09-30,https://github.com/soujava/vagas-java/issues/1092
1091,[REMOTO][JAVA][PLENO] Java Developer na Zoop (Grupo Movile),Zoop (Grupo Movile),Não informado,Não informado,Não informado,Brasil,,closed,2021-09-30,https://github.com/soujava/vagas-java/issues/1091
1090,[Remoto] Desenvolvedor(a) Backend Java | Improving,Não informado,Não informado,Não informado,Não informado,Brasil,,closed,2021-09-30,https://github.com/soujava/vagas-java/issues/1090
1089,[Remoto] Java Developer (pleno/ senior ) na Mirante Tecnologia ,Mirante Tecnologia ,Não informado,Não informado,Não informado,Brasil,,closed,2021-09-29,https://github.com/soujava/vagas-java/issues/1089
1088,[REMOTO] Java Developer I Datum TI I Vem pro planetinha roxo 💜🚀,Não informado,Não informado,Não informado,Não informado,Brasil,,closed,2021-09-28,https://github.com/soujava/vagas-java/issues/1088
1087,[Remoto] Java Developer (Júnior/pleno) na REM SOFT,REM SOFT,Não informado,Não informado,Não informado,Brasil,,closed,2021-09-27,https://github.com/soujava/vagas-java/issues/1087
1086,[Remoto] Java Developer (Júnior/pleno) na REM SOFT SISTEMAS DE INFORMAÇÃO E TECNOLOGIA,REM SOFT SISTEMAS DE INFORMAÇÃO E TECNOLOGIA,Não informado,Não informado,Não informado,Brasil,,closed,2021-09-24,https://github.com/soujava/vagas-java/issues/1086
1085,[Remoto] Desenvolvedor Java | Datainfo,Não informado,Não informado,Não informado,Não informado,Brasil,,closed,2021-09-24,https://github.com/soujava/vagas-java/issues/1085
1084,"[Curitiba, PR] Desenvolvedor Mobile IONIC | Blend IT",Não informado,Não informado,Não informado,Não informado,Brasil,,closed,2021-09-24,https://github.com/soujava/vagas-java/issues/1084
1083,"[CURITIBA, PR] Desenvolvedor Web PHP (Full Stack)",Não informado,Não informado,Não informado,Não informado,Brasil,,closed,2021-09-24,https://github.com/soujava/vagas-java/issues/1083
1082,[REMOTO] Analista Programador Java Pleno | Triggo Labs,Não informado,Não informado,Não informado,Não informado,Brasil,,closed,2021-09-24,https://github.com/soujava/vagas-java/issues/1082
1081,[Remoto] Desenvolvedor Java | Mollica IT,Não informado,Não informado,Não informado,Não informado,Brasil,,closed,2021-09-23,https://github.com/soujava/vagas-java/issues/1081
1080,[Remoto] Desenvolvedor Java | REM SOFT,Não informado,Não informado,Não informado,Não informado,Brasil,,closed,2021-09-23,https://github.com/soujava/vagas-java/issues/1080
1079,[REMOTO] TECH LEAD Java | DB1 GROUP,Não informado,Não informado,Não informado,Não informado,Brasil,,closed,2021-09-22,https://github.com/soujava/vagas-java/issues/1079
1078,[REMOTO] DESENVOLVEDOR(A) JAVA PLENO - EM @DB1GROUP,DB1GROUP,Não informado,Não informado,Não informado,Brasil,,closed,2021-09-22,https://github.com/soujava/vagas-java/issues/1078
1077,[REMOTO] DESENVOLVEDOR(A) JAVA SÊNIOR - EM @DB1 GROUP,DB1 GROUP,Não informado,Não informado,Não informado,Brasil,,closed,2021-09-22,https://github.com/soujava/vagas-java/issues/1077
1076,"[Campinas, SP] Desenvolvedor Full Stack | EvoluServices",Não informado,Não informado,Não informado,Não informado,Brasil,,closed,2021-09-22,https://github.com/soujava/vagas-java/issues/1076
1075,"[São Paulo, SP] Desenvolvedor Full Stack | EvoluServices",Não informado,Não informado,Não informado,Não informado,Brasil,,closed,2021-09-22,https://github.com/soujava/vagas-java/issues/1075
1074,[São Paulo] Desenvolvedor Java Senior | Oracle,Não informado,Não informado,Não informado,Não informado,Brasil,,closed,2021-09-22,https://github.com/soujava/vagas-java/issues/1074
1073,[REMOTO] Desenvolvedor Java | Datum TI I Vem pro planeta roxo 🚀💜,Não informado,Não informado,Não informado,Não informado,Brasil,,closed,2021-09-21,https://github.com/soujava/vagas-java/issues/1073
1072,[Remoto] Desenvolvedor(a) Backend Java (Big Data) | Improving,Não informado,Não informado,Não informado,Não informado,Brasil,,closed,2021-09-20,https://github.com/soujava/vagas-java/issues/1072
1071,[REMOTO] Java Developer Sênior | Dextra,Não informado,Não informado,Não informado,Não informado,Brasil,,closed,2021-09-20,https://github.com/soujava/vagas-java/issues/1071
1070,[Remoto] Desenvolvimento Java | DBC Company,Não informado,Não informado,Não informado,Não informado,Brasil,,closed,2021-09-18,https://github.com/soujava/vagas-java/issues/1070
1069,[São Paulo] Desenvolvedor Java | @Stefanini,Stefanini,Não informado,Não informado,Não informado,Brasil,,closed,2021-09-15,https://github.com/soujava/vagas-java/issues/1069
1068,[Remoto] Mobile Android Developer na Speedy,Speedy,Não informado,Não informado,Não informado,Brasil,,closed,2021-09-15,https://github.com/soujava/vagas-java/issues/1068
1067,[Remoto] Backend Software Engineer @ will bank,will bank,Não informado,Não informado,Não informado,Brasil,,closed,2021-09-13,https://github.com/soujava/vagas-java/issues/1067
1066,[São Paulo] [ByIntera] Backend Developer na Cora,Cora,Não informado,Não informado,Não informado,Brasil,,closed,2021-09-10,https://github.com/soujava/vagas-java/issues/1066
1065,[100% remota] Desenvolvedor Java na FDTE ,FDTE ,Não informado,Não informado,Não informado,Brasil,,closed,2021-09-10,https://github.com/soujava/vagas-java/issues/1065
1064,[REMOTO] Java Backend Developer  - Sênior / Especialista | Zup Innovation,Não informado,Não informado,Não informado,Não informado,Brasil,,closed,2021-09-09,https://github.com/soujava/vagas-java/issues/1064
1063,[Remoto] Desenvolvedor(a) Android | Improving,Não informado,Não informado,Não informado,Não informado,Brasil,,closed,2021-09-09,https://github.com/soujava/vagas-java/issues/1063
1062,[Remoto] Java Developer na Veolia,Veolia,Não informado,Não informado,Não informado,Brasil,,closed,2021-09-09,https://github.com/soujava/vagas-java/issues/1062
1061,[Remoto][ByIntera] Back-end Developer na Contabilizei,Contabilizei,Não informado,Não informado,Não informado,Brasil,,closed,2021-09-08,https://github.com/soujava/vagas-java/issues/1061
1060,[Remoto] Especialista Java | VR Benefícios [ByIntera] ,ByIntera,Não informado,Não informado,Não informado,Brasil,,closed,2021-09-08,https://github.com/soujava/vagas-java/issues/1060
1059,[100% Remoto] Senior Java Developer | Vigil | Salary in Euro,Não informado,Não informado,Não informado,Não informado,Brasil,,closed,2021-09-07,https://github.com/soujava/vagas-java/issues/1059
1058,[Remoto] Desenvolvedor/Engenheiro Java | TOTVS,Não informado,Não informado,Não informado,Não informado,Brasil,,closed,2021-09-03,https://github.com/soujava/vagas-java/issues/1058
1057,[Remota] Developer Java Pleno | Stefanini Brasil,Não informado,Não informado,Não informado,Não informado,Brasil,Spring;Hibernate;JPA;Java,closed,2021-09-02,https://github.com/soujava/vagas-java/issues/1057
1056,"[LISBOA, PORTUGAL] Test Automation Engineer at @PTCGroup",PTCGroup,Não informado,Não informado,Não informado,Portugal,Testes Unitários;Java;Python;Selenium,closed,2021-09-02,https://github.com/soujava/vagas-java/issues/1056
1055,"[POA, RS] Java Developer | Stefanini Brasil",Não informado,Não informado,Não informado,Não informado,Brasil,Java 8;Java,closed,2021-09-01,https://github.com/soujava/vagas-java/issues/1055
1054, [Remoto] Desenvolvedor(a) Backend Java | Improving,Não informado,Não informado,Não informado,Não informado,Brasil,,closed,2021-08-31,https://github.com/soujava/vagas-java/issues/1054
1053,[Remoto] Software Engineer Back-End no Itaú | Pleno ou Sênior,Não informado,Não informado,Não informado,Não informado,Brasil,,closed,2021-08-30,https://github.com/soujava/vagas-java/issues/1053
1052,[100% Remoto] Desenvolvedor (a) Full-Stack (Java/Angular) @ Trustly,Trustly,Não informado,Não informado,Não informado,Brasil,,closed,2021-08-30,https://github.com/soujava/vagas-java/issues/1052
1051,[BRASIL/100% REMOTO) Analista Java Sr em BRQ Digital Solutions,Não informado,Não informado,Não informado,Não informado,Brasil,,closed,2021-08-30,https://github.com/soujava/vagas-java/issues/1051
1050,[REMOTO] Desenvolvedor Java | SFIT,Não informado,Não informado,Remoto,PJ,Brasil,Java,closed,2021-08-27,https://github.com/soujava/vagas-java/issues/1050
1049,"[Cidade, Estado] Desenvolvedor Java | Nome empresa",Não informado,Não informado,Não informado,Não informado,Brasil,,closed,2021-08-27,https://github.com/soujava/vagas-java/issues/1049
1044,[REMOTO] Analista de Sistemas (Java) | Talent Group,Não informado,Não informado,Remoto,Não informado,Brasil,JavaScript;Docker,closed,2021-08-26,https://github.com/soujava/vagas-java/issues/1044
1043,[REMOTO] Desenvolvedor Java | Talent Group,Não informado,Não informado,Não informado,Não informado,Brasil,,closed,2021-08-26,https://github.com/soujava/vagas-java/issues/1043
1042,[REMOTO] Desenvolvedor Java | DB1 Group,Não informado,Não informado,Não informado,Não informado,Brasil,,closed,2021-08-26,https://github.com/soujava/vagas-java/issues/1042
1032,[Remoto] +28 vagas para Java Developers,Não informado,Não informado,Não informado,Não informado,Brasil,,closed,2021-08-25,https://github.com/soujava/vagas-java/issues/1032
1031,"[Remoto] Desenvolvedor Java na Pollu-x (Posições JR, Pleno ou SR)","Pollu-x (Posições JR, Pleno ou SR)",Não informado,Não informado,Não informado,Brasil,,closed,2021-08-24,https://github.com/soujava/vagas-java/issues/1031
1030,[Remoto] Backend Engineer @Croct,Croct,Não informado,Não informado,Não informado,Brasil,,closed,2021-08-24,https://github.com/soujava/vagas-java/issues/1030
1029,[São Paulo ou Remoto] Programador Java Júnior - Projeto 22 ,Projeto 22,Não informado,Não informado,Não informado,Brasil,,closed,2021-08-23,https://github.com/soujava/vagas-java/issues/1029
1028,"[JUIZ DE FORA, MG] Developer Full Stack Java | Pleno",Não informado,Não informado,Não informado,Não informado,Brasil,,closed,2021-08-23,https://github.com/soujava/vagas-java/issues/1028
1027,"[CURITIBA, PR] Desenvolvedor iOS - Nível Sênior 100% Remoto",Não informado,Não informado,Não informado,Não informado,Brasil,,closed,2021-08-20,https://github.com/soujava/vagas-java/issues/1027
1026,Desenvolvedor Java Sênior - (Sinqia),Não informado,Não informado,Não informado,Não informado,Brasil,,closed,2021-08-19,https://github.com/soujava/vagas-java/issues/1026
1025,[Remoto] Desenvolvedor Java na Iventis (Petz),Iventis (Petz),Não informado,Não informado,Não informado,Brasil,,closed,2021-08-18,https://github.com/soujava/vagas-java/issues/1025
1024,[Remoto] Fullstack Developer na HST Card Technology,HST Card Technology,Não informado,Não informado,Não informado,Brasil,,closed,2021-08-12,https://github.com/soujava/vagas-java/issues/1024
1023,[REMOTO] Developer Full Stack Java | RHeserva Consultoria,Não informado,Não informado,Não informado,Não informado,Brasil,,closed,2021-08-12,https://github.com/soujava/vagas-java/issues/1023
1022,JAVA DEVELOPER - STEFANINI POA [PORTO ALEGRE-PRESENCIAL/SEMI-PRESENCIAL],Não informado,Não informado,Não informado,Não informado,Brasil,Java EE;Java;Agile,closed,2021-08-11,https://github.com/soujava/vagas-java/issues/1022
1021,[Remoto] Desenvolvedor(a) Backend Java (Big Data) | Improving,Não informado,Não informado,Não informado,Não informado,Brasil,,closed,2021-08-11,https://github.com/soujava/vagas-java/issues/1021
1020,[Remoto] Arquiteto de Soluções  na Elumini S.A.,Elumini S.A.,Não informado,Não informado,Não informado,Brasil,,closed,2021-08-10,https://github.com/soujava/vagas-java/issues/1020
1019,[Remoto][Curitiba] Java Developer Sênior @ Contabilizei,Contabilizei,Não informado,Não informado,Não informado,Brasil,,closed,2021-08-10,https://github.com/soujava/vagas-java/issues/1019
1018,[Remoto][Curitiba] Java Developer Pleno @ Contabilizei,Contabilizei,Não informado,Não informado,Não informado,Brasil,,closed,2021-08-10,https://github.com/soujava/vagas-java/issues/1018
1017,[Remoto][Curitiba] Java Developer Pleno @ Contabilizei,Contabilizei,Não informado,Não informado,Não informado,Brasil,,closed,2021-08-10,https://github.com/soujava/vagas-java/issues/1017
1016,[Remoto] Desenvolvedor Backend Java @NeoMacro,NeoMacro,Não informado,Não informado,Não informado,Brasil,,closed,2021-08-09,https://github.com/soujava/vagas-java/issues/1016
1015,[Remoto] Desenvolvedor(a) Android | Improving,Não informado,Não informado,Não informado,Não informado,Brasil,,closed,2021-08-09,https://github.com/soujava/vagas-java/issues/1015
1014,"[Porto Alegre, RS] Backend Developer | XPROG",Não informado,Não informado,Não informado,Não informado,Brasil,,closed,2021-08-06,https://github.com/soujava/vagas-java/issues/1014
1012,[REMOTO] Back-End Engineer @Trustly,Trustly,Não informado,Não informado,Não informado,Brasil,,closed,2021-08-06,https://github.com/soujava/vagas-java/issues/1012
1011,[REMOTO] Senior  Full Stack Java + Flutter  | alt.bank,Não informado,Não informado,Não informado,Não informado,Brasil,,closed,2021-08-04,https://github.com/soujava/vagas-java/issues/1011
1010,[REMOTO] Desenvolvedor(a) Java @CWI Software,CWI Software,Não informado,Não informado,Não informado,Brasil,,closed,2021-08-04,https://github.com/soujava/vagas-java/issues/1010
1009,"[CURITIBA, PR] Desenvolvedor Mobile Android Java - Nível Sênior",Nível Sênior,Não informado,Não informado,Não informado,Brasil,,closed,2021-08-04,https://github.com/soujava/vagas-java/issues/1009
1008,OPORTUNIDADE DEV. BACK END JAVA (Spring Boot),Não informado,Não informado,Não informado,Não informado,Brasil,,closed,2021-08-04,https://github.com/soujava/vagas-java/issues/1008
1007,[Remoto] Desenvolvedor Java - Pleno | GFT,Não informado,Não informado,Não informado,Não informado,Brasil,,closed,2021-08-04,https://github.com/soujava/vagas-java/issues/1007
1006,[Remoto] Java Developer | Capgemini,Não informado,Não informado,Não informado,Não informado,Brasil,,closed,2021-08-03,https://github.com/soujava/vagas-java/issues/1006
1005,"[Belo Horizonte, MG] Desenvolvedor Java - Nível Pleno | HrSoul",Não informado,Não informado,Não informado,Não informado,Brasil,,closed,2021-08-03,https://github.com/soujava/vagas-java/issues/1005
1004,>>Desenvolvedor JAVA Junior <<,Não informado,Não informado,Não informado,Não informado,Brasil,,closed,2021-08-03,https://github.com/soujava/vagas-java/issues/1004
1003,[REMOTO] Front-end Developer (Javascript) na @ISH TECNOLOGIA,@ISH TECNOLOGIA,Não informado,Não informado,Não informado,Brasil,,closed,2021-08-03,https://github.com/soujava/vagas-java/issues/1003
1002,[Remoto] Desenvolvedor(a) Backend Java | Improving,Não informado,Não informado,Não informado,Não informado,Brasil,,closed,2021-07-30,https://github.com/soujava/vagas-java/issues/1002
1001,Dev Java,Não informado,Não informado,Não informado,Não informado,Brasil,Java,closed,2021-07-28,https://github.com/soujava/vagas-java/issues/1001
1000,[REMOTO] Sr Full Stack Java + React [INTERNACIONAL] [PJ ou CLT] [CANADÁ],CANADÁ,Não informado,Não informado,Não informado,Brasil,,closed,2021-07-27,https://github.com/soujava/vagas-java/issues/1000
999, LEAD SOFTWARE ENGINEER JAVA na Accenture/Globo,Accenture/Globo,Não informado,Não informado,Não informado,Brasil,,closed,2021-07-27,https://github.com/soujava/vagas-java/issues/999
998,[HOMEOFFICE] DESENVOLVEDOR JAVA JR ,Não informado,Não informado,Não informado,Não informado,Brasil,,closed,2021-07-26,https://github.com/soujava/vagas-java/issues/998
997,[HOMEOFFICE] DESENVOLVEDOR JAVA JR,Não informado,Não informado,Não informado,Não informado,Brasil,,closed,2021-07-26,https://github.com/soujava/vagas-java/issues/997
996,Vaga: Desenvolvedor Java Jr,Não informado,Não informado,Não informado,Não informado,Brasil,,closed,2021-07-26,https://github.com/soujava/vagas-java/issues/996
995,"[São Paulo, SP]  Tech Lead - JAVA | HrSoul",Não informado,Não informado,Não informado,Não informado,Brasil,,closed,2021-07-23,https://github.com/soujava/vagas-java/issues/995
994,[Remoto] Fullstack Java/Spring Developer na OpsFactor,OpsFactor,Não informado,Não informado,Não informado,Brasil,,closed,2021-07-23,https://github.com/soujava/vagas-java/issues/994
993,[Remoto] Tech Lead Java na @CVC,@CVC,Não informado,Não informado,Não informado,Brasil,,closed,2021-07-22,https://github.com/soujava/vagas-java/issues/993
992,[Remoto] Java Developer na Veolia,Veolia,Não informado,Não informado,Não informado,Brasil,,closed,2021-07-22,https://github.com/soujava/vagas-java/issues/992
991,[Remoto] Analista de Sistemas Java na Veolia,Veolia,Não informado,Não informado,Não informado,Brasil,,closed,2021-07-22,https://github.com/soujava/vagas-java/issues/991
990,[OPORTUNIDADE] [B3-BOLSA DE VALORES] [MODELO HIBRIDO EM SP] Analista desenvolvedor ,Não informado,Não informado,Não informado,Não informado,Brasil,,closed,2021-07-22,https://github.com/soujava/vagas-java/issues/990
989,"[Brasília, DF] Arquiteto de Soluções",Não informado,Não informado,Não informado,Não informado,Brasil,,closed,2021-07-20,https://github.com/soujava/vagas-java/issues/989
988,[São Paulo] [Dev] [FacilPay],FacilPay,Não informado,Não informado,Não informado,Brasil,,closed,2021-07-19,https://github.com/soujava/vagas-java/issues/988
987,[Remoto] Java Backend Engineer na Intelipost,Intelipost,Não informado,Não informado,Não informado,Brasil,,closed,2021-07-16,https://github.com/soujava/vagas-java/issues/987
986,[Remoto] Mobile Android Developer na Stone,Stone,Não informado,Não informado,Não informado,Brasil,,closed,2021-07-16,https://github.com/soujava/vagas-java/issues/986
985,[REMOTO] Developer Full Stack Java | RHeserva Consultoria,Não informado,Não informado,Não informado,Não informado,Brasil,,closed,2021-07-16,https://github.com/soujava/vagas-java/issues/985
984,[REMOTO] Arquiteto Java PJ | Stefanini,Não informado,Não informado,Não informado,Não informado,Brasil,,closed,2021-07-16,https://github.com/soujava/vagas-java/issues/984
983,[Home Office] Desenvolvedor Java | Stefanini ,Não informado,Não informado,Não informado,Não informado,Brasil,,closed,2021-07-16,https://github.com/soujava/vagas-java/issues/983
982,[Remoto] Backend JAVA Developer na Tatic,Tatic,Não informado,Não informado,Não informado,Brasil,,closed,2021-07-16,https://github.com/soujava/vagas-java/issues/982
981,[Remoto] Desenvolvedor Java | Siteware,Não informado,Não informado,Não informado,Não informado,Brasil,,closed,2021-07-15,https://github.com/soujava/vagas-java/issues/981
980,Dev JAVA pleno - Home Office,Home Office,Não informado,Não informado,Não informado,Brasil,,closed,2021-07-14,https://github.com/soujava/vagas-java/issues/980
979,[SÃO PAULO] [ MODELO HIBRIDO] [DESENVOLVEDOR JAVA PLENO],DESENVOLVEDOR JAVA PLENO,Não informado,Não informado,Não informado,Brasil,,closed,2021-07-14,https://github.com/soujava/vagas-java/issues/979
978,[REMOTO] FullStack Java na AMcom,AMcom,Não informado,Não informado,Não informado,Brasil,,closed,2021-07-14,https://github.com/soujava/vagas-java/issues/978
977,[Remoto] Backend JAVA Developer na Tatic,Tatic,Não informado,Não informado,Não informado,Brasil,,closed,2021-07-13,https://github.com/soujava/vagas-java/issues/977
976,[Remoto] Java Backend Engineer @Intelipost,Intelipost,Não informado,Não informado,Não informado,Brasil,,closed,2021-07-12,https://github.com/soujava/vagas-java/issues/976
975,[Remoto] Desenvolvedor Pleno,Não informado,Não informado,Não informado,Não informado,Brasil,,closed,2021-07-12,https://github.com/soujava/vagas-java/issues/975
974,[Remoto] Arquiteto Java,Não informado,Não informado,Não informado,Não informado,Brasil,,closed,2021-07-12,https://github.com/soujava/vagas-java/issues/974
973,[Remoto] Desenvolvedor(a) Backend Java (Big Data) | Improving,Não informado,Não informado,Não informado,Não informado,Brasil,,closed,2021-07-12,https://github.com/soujava/vagas-java/issues/973
972,[REMOTO] - DESENVOLVEDOR JAVA PL,DESENVOLVEDOR JAVA PL,Não informado,Não informado,Não informado,Brasil,,closed,2021-07-09,https://github.com/soujava/vagas-java/issues/972
971,[REMOTO] Full Stack Developer @Trustly,Trustly,Não informado,Não informado,Não informado,Brasil,,closed,2021-07-08,https://github.com/soujava/vagas-java/issues/971
970,[Remoto] Back-end Developer @TOTVS,TOTVS,Não informado,Não informado,Não informado,Brasil,,closed,2021-07-08,https://github.com/soujava/vagas-java/issues/970
969,[REMOTO] Desenvolvedor Java | Globalsys,Não informado,Não informado,Não informado,Não informado,Brasil,,closed,2021-07-08,https://github.com/soujava/vagas-java/issues/969
968,[REMOTO] Desenvolvedor JAVA - (Backend) | ELEFLOW,Não informado,Não informado,Não informado,Não informado,Brasil,,closed,2021-07-07,https://github.com/soujava/vagas-java/issues/968
967,[Remoto] Desenvolvedor(a) Android | Improving,Não informado,Não informado,Não informado,Não informado,Brasil,,closed,2021-07-07,https://github.com/soujava/vagas-java/issues/967
966,(Joinville) Arquiteto(a) / Desenvolvedor(a) Java | SoftExpert Excellence Suite ,Não informado,Não informado,Não informado,Não informado,Brasil,,closed,2021-07-05,https://github.com/soujava/vagas-java/issues/966
965,[Remoto] Desenvolvedor Java Líder Técnico na Pasquali Solution,Pasquali Solution,Não informado,Não informado,Não informado,Brasil,,closed,2021-07-05,https://github.com/soujava/vagas-java/issues/965
964,[REMOTO] Software Engineer PL/SR @ EBANX,EBANX,Não informado,Não informado,Não informado,Brasil,,closed,2021-07-05,https://github.com/soujava/vagas-java/issues/964
963,[Remoto] Backend Engineer @Croct,Croct,Não informado,Não informado,Não informado,Brasil,,closed,2021-07-02,https://github.com/soujava/vagas-java/issues/963
962,[Remoto] Arquiteto(a) de Software no Inter [Java] #vagasbyintera,Não informado,Não informado,Não informado,Não informado,Brasil,,closed,2021-07-01,https://github.com/soujava/vagas-java/issues/962
961,[Remoto] Back-End Developer (Júnior/Pleno) na Olga Ri,Olga Ri,Não informado,Não informado,Não informado,Brasil,,closed,2021-06-30,https://github.com/soujava/vagas-java/issues/961
960,[100% REMOTO/BRASIL] Java Developer (Sênior) em BRQ Digital Solutions,Não informado,Não informado,Não informado,Não informado,Brasil,,closed,2021-06-30,https://github.com/soujava/vagas-java/issues/960
959,[Remote] - Desenvolvedor Back-end Java | Ame Digital,Não informado,Não informado,Não informado,Não informado,Brasil,,closed,2021-06-30,https://github.com/soujava/vagas-java/issues/959
958,[Remoto] Desenvolvedor(a) Backend Java | Improving,Não informado,Não informado,Não informado,Não informado,Brasil,,closed,2021-06-30,https://github.com/soujava/vagas-java/issues/958
957,[Remoto] Java Developer + AWS na Projeto 22 ,Projeto 22 ,Não informado,Não informado,Não informado,Brasil,,closed,2021-06-29,https://github.com/soujava/vagas-java/issues/957
956,Desenvolvedor FullStack ,Não informado,Não informado,Não informado,Não informado,Brasil,,closed,2021-06-29,https://github.com/soujava/vagas-java/issues/956
955,[Joinville] Back-end Developer @TOTVS,TOTVS,Não informado,Não informado,Não informado,Brasil,,closed,2021-06-29,https://github.com/soujava/vagas-java/issues/955
954,[Remoto] Desenvolvedor Java Sênior na Pasquali Solution,Pasquali Solution,Não informado,Não informado,Não informado,Brasil,,closed,2021-06-29,https://github.com/soujava/vagas-java/issues/954
953,[Remoto] Arquiteto de Software / Líder Técnico @Vertigo,Vertigo,Não informado,Não informado,Não informado,Brasil,,closed,2021-06-28,https://github.com/soujava/vagas-java/issues/953
952,[Remoto] Full Stack Developer Java @AMcom,AMcom,Não informado,Não informado,Não informado,Brasil,,closed,2021-06-28,https://github.com/soujava/vagas-java/issues/952
951,(Remoto) desenvolvedor java na Iventis ,Iventis ,Não informado,Não informado,Não informado,Brasil,,closed,2021-06-26,https://github.com/soujava/vagas-java/issues/951
950,[Remoto] Desenvolvedor Java Sênior na Pasquali Solution,Pasquali Solution,Não informado,Não informado,Não informado,Brasil,,closed,2021-06-25,https://github.com/soujava/vagas-java/issues/950
949,[Remoto] Desenvolvedor Java Sênior na Pasquali Solution,Pasquali Solution,Não informado,Não informado,Não informado,Brasil,,closed,2021-06-24,https://github.com/soujava/vagas-java/issues/949
948,[Remoto] Fullstack Developer na TOTVS,TOTVS,Não informado,Não informado,Não informado,Brasil,,closed,2021-06-23,https://github.com/soujava/vagas-java/issues/948
947,[Remoto] Full Stack Developer Java @Evoluum,Evoluum,Não informado,Não informado,Não informado,Brasil,,closed,2021-06-22,https://github.com/soujava/vagas-java/issues/947
946,Desenvolvedor Java Jr - STEFANINI BRASIL - REMOTO,REMOTO,Não informado,Não informado,Não informado,Brasil,,closed,2021-06-21,https://github.com/soujava/vagas-java/issues/946
945,[Remoto] Fullstack Java/Spring Developer na OpsFactor,OpsFactor,Não informado,Não informado,Não informado,Brasil,,closed,2021-06-21,https://github.com/soujava/vagas-java/issues/945
944,[100% Remoto] Desenvolvedor Java PL ou SR | Badaró Design ,Não informado,Não informado,Não informado,Não informado,Brasil,,closed,2021-06-21,https://github.com/soujava/vagas-java/issues/944
943,[Remoto] Java/Spring Developer na OpsFactor,OpsFactor,Não informado,Não informado,Não informado,Brasil,,closed,2021-06-19,https://github.com/soujava/vagas-java/issues/943
942,"[Parcialmente Remoto / Santa Catarina, Brazil] Analista de Sistemas Java na Veolia",Veolia,Não informado,Não informado,Não informado,Brasil,,closed,2021-06-18,https://github.com/soujava/vagas-java/issues/942
941,"[Parcialmente Remoto / Barueri, São Paulo, Brazil]  Arquiteto(a) de Soluções Java na CuboConnect",CuboConnect,Não informado,Não informado,Não informado,Brasil,,closed,2021-06-17,https://github.com/soujava/vagas-java/issues/941
940,"[Florianópolis, Santa Catarina] Desenvolvedor de Software Desktop (C# e WPF) @Intelbras",Intelbras,Não informado,Não informado,Não informado,Brasil,,closed,2021-06-16,https://github.com/soujava/vagas-java/issues/940
939,[Remoto] Fullstack Java [INGLÊS FLUENTE],INGLÊS FLUENTE,Não informado,Não informado,Não informado,Brasil,,closed,2021-06-16,https://github.com/soujava/vagas-java/issues/939
938,[Remoto] [Inglês avançado] Senior Java Developer Sciensa,Não informado,Não informado,Não informado,Não informado,Brasil,,closed,2021-06-16,https://github.com/soujava/vagas-java/issues/938
937,[Remoto] Fullstack Java Developer na Ustore,Ustore,Não informado,Não informado,Não informado,Brasil,,closed,2021-06-15,https://github.com/soujava/vagas-java/issues/937
936,[ Remoto ] Pessoa Desenvolvedora Back end Java Dextra,Não informado,Não informado,Não informado,Não informado,Brasil,,closed,2021-06-15,https://github.com/soujava/vagas-java/issues/936
935,[ Remoto] Desenvolvedor (a) Java Sênior na Lello,Lello,Não informado,Não informado,Não informado,Brasil,,closed,2021-06-15,https://github.com/soujava/vagas-java/issues/935
934,[ REMOTO ] Desenvolvedor Java Sênior Full Stack | Mirante Tecnologia,Não informado,Não informado,Não informado,Não informado,Brasil,,closed,2021-06-15,https://github.com/soujava/vagas-java/issues/934
933,[Remoto] Back-end Java Developer na Veolia,Veolia,Não informado,Não informado,Não informado,Brasil,,closed,2021-06-11,https://github.com/soujava/vagas-java/issues/933
932,[Remoto] Desenvolvedor(a) Backend Java (Big Data) | Improving,Não informado,Não informado,Não informado,Não informado,Brasil,,closed,2021-06-10,https://github.com/soujava/vagas-java/issues/932
931,[Remoto] Java Backend Developer na Confitec,Confitec,Não informado,Não informado,Não informado,Brasil,,closed,2021-06-10,https://github.com/soujava/vagas-java/issues/931
930,[100% REMOTO] Dev Java Sênior em BRQ Digital Solutions,Não informado,Não informado,Não informado,Não informado,Brasil,,closed,2021-06-09,https://github.com/soujava/vagas-java/issues/930
929,Desenvolvedor Web JAVA PL,Não informado,Não informado,Não informado,Não informado,Brasil,,closed,2021-06-09,https://github.com/soujava/vagas-java/issues/929
928,[Home Office] Desenvolvedor Java Jr. | YANK SOLUTIONS,Não informado,Não informado,Não informado,Não informado,Brasil,,closed,2021-06-09,https://github.com/soujava/vagas-java/issues/928
927,[REMOTO] [CLT]- Fullstack Sênior na Catho,Catho,Não informado,Não informado,Não informado,Brasil,,closed,2021-06-09,https://github.com/soujava/vagas-java/issues/927
926,[Remoto] Desenvolvedor(a) Backend Java (Big Data) | Improving,Não informado,Não informado,Não informado,Não informado,Brasil,,closed,2021-06-09,https://github.com/soujava/vagas-java/issues/926
925,[Desenvolvedor Java Pleno] [Juiz de Fora / MG] [Remoto] [CLT] ,CLT,Não informado,Não informado,Não informado,Brasil,,closed,2021-06-08,https://github.com/soujava/vagas-java/issues/925
924,[ REMOTO ] Desenvolvedor Java | Mirante Tecnologia,Não informado,Não informado,Não informado,Não informado,Brasil,,closed,2021-06-08,https://github.com/soujava/vagas-java/issues/924
923,Rio de Janeiro - Desenvolvedor Java - Informaker,Informaker,Não informado,Não informado,Não informado,Brasil,,closed,2021-06-08,https://github.com/soujava/vagas-java/issues/923
922,[ REMOTO ] Desenvolvedor Java Full stack  | Mirante Tecnologia,Não informado,Não informado,Não informado,Não informado,Brasil,,closed,2021-06-08,https://github.com/soujava/vagas-java/issues/922
921,[Remoto] FullStack Developer Java Angular na Qintess,Qintess,Não informado,Não informado,Não informado,Brasil,,closed,2021-06-07,https://github.com/soujava/vagas-java/issues/921
920,[Remoto] Desenvolvedor Java - Sabion Digital,Sabion Digital,Não informado,Não informado,Não informado,Brasil,,closed,2021-06-07,https://github.com/soujava/vagas-java/issues/920
919,[Remoto] Mobile Android/Java Developer  na Pixida do Brasil,Pixida do Brasil,Não informado,Não informado,Não informado,Brasil,,closed,2021-06-05,https://github.com/soujava/vagas-java/issues/919
918,"[Porto Alegre/RS, 100% remoto] Desenvolvedor(a) Back-end Java Pleno na TownSq",TownSq,Não informado,Não informado,Não informado,Brasil,,closed,2021-06-04,https://github.com/soujava/vagas-java/issues/918
917,Dev Java Pleno e Sênior | 100% home office,Não informado,Não informado,Não informado,Não informado,Brasil,,closed,2021-06-04,https://github.com/soujava/vagas-java/issues/917
